Campaign ID,Date,Campaign name,Campaign status,Reach,Frequency,Impressions,Gross Pin clicks,CPM,CPC,CTR,Result,Cost per result,Conversions,Spend in account currency,CPL Last Click
C626744280134,2021-07-09,2021-07-09 Consideração - Dolce Far Niente,PAUSED,56868,1.0972607590731422,62400,324,6.557757271751149,1.2668653126934986,0.0051762820512820515,[323],[1.2668653126934986],61,409.20,Infinity
C626744280134,2021-07-10,2021-07-09 Consideração - Dolce Far Niente,PAUSED,88990,1.1503973306802056,102375,1234,6.477255998822318,0.5432098765432098,0.011868131868131869,[1215],[0.5432098765432098],274,660.00,47.142857142857146
C626744280134,2021-07-11,2021-07-09 Consideração - Dolce Far Niente,PAUSED,105491,1.156808843962214,122033,1493,5.48172757475083,0.44867437117607073,0.01205411650946875,[1471],[0.44867437117607073],409,660.00,50.76923076923077
C626744280134,2021-07-12,2021-07-09 Consideração - Dolce Far Niente,PAUSED,112864,1.1602908624462742,130956,1500,5.170225766525138,0.44058744993324434,0.011438956596108617,[1498],[0.44058744993324434],420,660.00,47.142857142857146
C626744280134,2021-07-13,2021-07-09 Consideração - Dolce Far Niente,PAUSED,119729,1.1465783787333967,137279,1470,4.879130627633621,0.4529855868222375,0.010613422300570372,[1457],[0.4529855868222375],375,660.00,66.0
C626744280134,2021-07-14,2021-07-09 Consideração - Dolce Far Niente,PAUSED,120346,1.126326838702282,135549,1516,4.942207428622841,0.44032856245824986,0.011043976716906802,[1497],[0.44032856245824986],399,659.17,94.16740828571429
C626744280134,2021-07-15,2021-07-09 Consideração - Dolce Far Niente,PAUSED,121131,1.1616906831970322,140717,1538,4.781449042112216,0.43389287681159416,0.010787609173021028,[1518],[0.43389287681159416],462,658.65,47.04638478571429
C626744280134,2021-07-16,2021-07-09 Consideração - Dolce Far Niente,PAUSED,117786,1.13920733665759,134183,1436,5.035400390625,0.4634831460674157,0.01061237265525439,[1424],[0.4634831460674157],401,660.00,31.428571428571427
C626744280134,2021-07-17,2021-07-09 Consideração - Dolce Far Niente,PAUSED,117865,1.152209345144004,135806,1448,4.884763977086016,0.46186144156752973,0.010522362782204026,[1429],[0.46186144156752973],415,660.00,33.0
C626744280134,2021-07-18,2021-07-09 Consideração - Dolce Far Niente,PAUSED,112227,1.1443679856412132,128430,1468,5.150737101695841,0.45674740484429066,0.011251265280697656,[1445],[0.45674740484429066],449,660.00,36.666666666666664
C626744280134,2021-07-19,2021-07-09 Consideração - Dolce Far Niente,PAUSED,129568,1.1282267295507329,146183,1486,4.532126597402954,0.45112781954887216,0.010008003666637023,[1463],[0.45112781954887216],415,660.00,82.5
C626744280134,2021-07-20,2021-07-09 Consideração - Dolce Far Niente,PAUSED,127787,1.1385863534467606,145497,1500,4.550625711035267,0.44534412955465585,0.01018577702633044,[1482],[0.44534412955465585],90,660.00,55.0
C626744280134,2021-07-21,2021-07-09 Consideração - Dolce Far Niente,PAUSED,113335,1.1815607283397798,133913,1445,4.9469329016010075,0.46380885453267745,0.010626302151396802,[1423],[0.46380885453267745],100,660.00,30.0
C626744280134,2021-07-22,2021-07-09 Consideração - Dolce Far Niente,PAUSED,109409,1.2062003848134295,131970,1412,5.023595676663115,0.47244094488188976,0.010585739183147685,[1397],[0.47244094488188976],76,660.00,44.0
C626744280134,2021-07-23,2021-07-09 Consideração - Dolce Far Niente,PAUSED,100961,1.3917712416457932,140515,1352,4.71738571060983,0.49290515309932786,0.009529231754616944,[1339],[0.49290515309932786],75,660.00,41.25
C626744280134,2021-07-24,2021-07-09 Consideração - Dolce Far Niente,PAUSED,101508,1.3064233964125938,132613,1404,5.000757690559176,0.47860768672951415,0.010398678862554953,[1379],[0.47860768672951415],89,660.00,36.666666666666664
C626744280134,2021-07-25,2021-07-09 Consideração - Dolce Far Niente,PAUSED,102260,1.3075359815408314,133709,1435,4.960653002322488,0.465772759350741,0.010597641146070945,[1417],[0.465772759350741],119,660.00,41.25
C626744280134,2021-07-26,2021-07-09 Consideração - Dolce Far Niente,PAUSED,117498,1.3060139117023082,153455,1430,4.318693398942574,0.46975088967971534,0.009155778567006615,[1405],[0.46975088967971534],122,660.00,28.695652173913043
C626744280134,2021-07-27,2021-07-09 Consideração - Dolce Far Niente,PAUSED,121875,1.3135621275847034,160091,1420,4.137567862381985,0.47109207708779444,0.008751272713644115,[1401],[0.47109207708779444],121,660.00,22.0
C626744280134,2021-07-28,2021-07-09 Consideração - Dolce Far Niente,PAUSED,116865,1.3220102044903883,154497,1452,4.296007967142049,0.4634831460674157,0.009217007449982847,[1424],[0.4634831460674157],134,660.00,38.8235294117647
C626744280134,2021-07-29,2021-07-09 Consideração - Dolce Far Niente,PAUSED,121107,1.3400940908762986,162296,1446,4.0917291275317575,0.46218487394957986,0.008798738108148076,[1428],[0.46218487394957986],123,660.00,73.33333333333333
C626744280134,2021-07-30,2021-07-09 Consideração - Dolce Far Niente,PAUSED,105452,1.366146714398867,144063,1360,4.605915111588761,0.49180327868852464,0.009315368970519843,[1342],[0.49180327868852464],119,660.00,27.5
C626744280134,2021-07-31,2021-07-09 Consideração - Dolce Far Niente,PAUSED,113183,1.2968549271837626,146782,1396,4.520981463975998,0.47860768672951415,0.009394884931394858,[1379],[0.47860768672951415],107,660.00,33.0
C626744280134,2021-08-01,2021-07-09 Consideração - Dolce Far Niente,PAUSED,112126,1.30780335391279,146640,1417,4.523460310062643,0.47109207708779444,0.009554009819967266,[1401],[0.47109207708779444],148,660.00,25.384615384615383
C626744280134,2021-08-02,2021-07-09 Consideração - Dolce Far Niente,PAUSED,122451,1.305608547049225,159874,1413,4.149247163109421,0.4758471521268926,0.008675582020841413,[1387],[0.4758471521268926],164,660.00,34.73684210526316
C626744280134,2021-08-03,2021-07-09 Consideração - Dolce Far Niente,PAUSED,90896,1.2605844756509037,114583,1041,4.2665562335992675,0.4667809816955684,0.009058935444175837,[1038],[0.4667809816955684],117,484.52,26.91770327777778
C626744280134,2021-08-04,2021-07-09 Consideração - Dolce Far Niente,PAUSED,85299,1.2666832872065674,108047,1075,4.517580294389426,0.45746691871455575,0.009792034947754219,[1058],[0.45746691871455575],107,484.00,28.470588235294116
C626744280134,2021-08-05,2021-07-09 Consideração - Dolce Far Niente,PAUSED,89267,1.2761060535827673,113915,1060,4.280269197095785,0.46404602109300097,0.009155949611552474,[1043],[0.46404602109300097],121,484.00,34.57142857142857
C626744280134,2021-08-06,2021-07-09 Consideração - Dolce Far Niente,PAUSED,86125,1.2532844776113565,107940,1062,4.521209516959206,0.46227316141356256,0.009699833240689272,[1047],[0.46227316141356256],107,484.00,25.473684210526315
C626744280134,2021-08-07,2021-07-09 Consideração - Dolce Far Niente,PAUSED,79030,1.2623671760026665,99765,1037,4.890617895215479,0.4735812133072407,0.010244073572896306,[1022],[0.4735812133072407],88,484.00,22.0
C626744280134,2021-08-08,2021-07-09 Consideração - Dolce Far Niente,PAUSED,81204,1.1960762613110323,97127,1065,5.025438687571384,0.4605137963843958,0.010820883997240726,[1051],[0.4605137963843958],106,484.00,37.23076923076923
C626744280134,2021-08-09,2021-07-09 Consideração - Dolce Far Niente,PAUSED,97370,1.1632829294937836,113270,1081,4.304326559651385,0.4548872180451128,0.009393484594332127,[1064],[0.4548872180451128],115,484.00,96.8
C626744280134,2021-08-10,2021-07-09 Consideração - Dolce Far Niente,PAUSED,94771,1.164729881566163,110383,1081,4.418638621092609,0.4523364485981308,0.009693521647355118,[1070],[0.4523364485981308],114,484.00,22.0
C626744280134,2021-08-11,2021-07-09 Consideração - Dolce Far Niente,PAUSED,90128,1.184085008273522,106720,1071,4.568250724952536,0.45540125800376646,0.00995127436281859,[1062],[0.45540125800376646],149,483.64,34.54543828571429
C626744280134,2021-08-12,2021-07-09 Consideração - Dolce Far Niente,PAUSED,92070,1.176304195146713,108303,1078,4.500274293577811,0.45789971617786185,0.009759655780541629,[1057],[0.45789971617786185],110,484.00,24.2
C626744280134,2021-08-13,2021-07-09 Consideração - Dolce Far Niente,PAUSED,82308,1.1856076913542308,97585,1060,4.993860852877145,0.46227316141356256,0.010729107957165548,[1047],[0.46227316141356256],116,484.00,37.23076923076923
C626744280134,2021-08-14,2021-07-09 Consideração - Dolce Far Niente,PAUSED,82937,1.1716884733652264,97177,1058,5.015959872321021,0.4605137963843958,0.010815316381448285,[1051],[0.4605137963843958],110,484.00,40.333333333333336
C626744280134,2021-08-15,2021-07-09 Consideração - Dolce Far Niente,PAUSED,88013,1.134541477684194,99855,1071,4.875640935236579,0.45789971617786185,0.010585348755695759,[1057],[0.45789971617786185],142,484.00,28.470588235294116
C626744280134,2021-08-16,2021-07-09 Consideração - Dolce Far Niente,PAUSED,95495,1.1407794502484052,108939,1077,4.470925130478962,0.451071761416589,0.009849548830079219,[1073],[0.451071761416589],144,484.00,37.23076923076923
C626744280134,2021-08-17,2021-07-09 Consideração - Dolce Far Niente,PAUSED,87920,1.1863466116192636,104304,1065,4.679357651813251,0.46449136276391556,0.009990029145574475,[1042],[0.46449136276391556],152,484.00,26.88888888888889
C626744280134,2021-08-18,2021-07-09 Consideração - Dolce Far Niente,PAUSED,86974,1.1480516266799448,99851,1064,4.879917727006917,0.4627151051625239,0.01047560865689878,[1046],[0.4627151051625239],136,484.00,48.4
C626744280134,2021-08-19,2021-07-09 Consideração - Dolce Far Niente,PAUSED,93681,1.1469130860911347,107445,1038,4.531750341753899,0.469447138700291,0.009595607054772208,[1031],[0.469447138700291],147,484.00,44.0
C626744280134,2021-08-20,2021-07-09 Consideração - Dolce Far Niente,PAUSED,87240,1.136247573060687,99127,1004,4.914004914004915,0.4883955600403633,0.009997276221412934,[991],[0.4883955600403633],93,484.00,40.333333333333336
C626744280134,2021-08-21,2021-07-09 Consideração - Dolce Far Niente,PAUSED,82924,1.136565604566879,94249,989,5.163823363100001,0.4953940634595701,0.01036615773111651,[977],[0.4953940634595701],94,484.00,25.473684210526315
C626744280134,2021-08-22,2021-07-09 Consideração - Dolce Far Niente,PAUSED,85875,1.117532838007881,95969,1000,5.071727216522933,0.4898785425101215,0.010294991090873094,[988],[0.4898785425101215],123,484.00,40.333333333333336
C626744280134,2021-08-23,2021-07-09 Consideração - Dolce Far Niente,PAUSED,102659,1.0925497188429436,112161,1039,4.335829720141899,0.4717348927875244,0.00914756466151336,[1026],[0.4717348927875244],95,484.00,161.33333333333334
C626744280134,2021-08-24,2021-07-09 Consideração - Dolce Far Niente,PAUSED,89857,1.1268227351218898,101253,1018,4.805114866072315,0.4782608695652174,0.009994765587192478,[1012],[0.4782608695652174],114,484.00,60.5
C626744280134,2021-08-25,2021-07-09 Consideração - Dolce Far Niente,PAUSED,90046,1.1575835798583973,104236,1037,4.674792821681766,0.47127555988315484,0.0098526420814306,[1027],[0.47127555988315484],151,484.00,80.66666666666667
C626744280134,2021-08-26,2021-07-09 Consideração - Dolce Far Niente,PAUSED,90404,1.1892836853887558,107517,1044,4.5119862470295455,0.4673141104651163,0.009598482100505037,[1032],[0.4673141104651163],192,482.27,68.89545171428571
C626744280134,2021-08-27,2021-07-09 Consideração - Dolce Far Niente,PAUSED,72321,1.1677851966516568,84456,901,4.936563960698273,0.46621621621621623,0.010514350667803353,[888],[0.46621621621621623],149,414.00,51.75
C626744280134,2021-08-28,2021-07-09 Consideração - Dolce Far Niente,PAUSED,78965,1.203083236067693,95002,881,4.387684807376398,0.47368421052631576,0.00919980631986695,[874],[0.47368421052631576],156,414.00,138.0
C626744280134,2021-08-29,2021-07-09 Consideração - Dolce Far Niente,PAUSED,74580,1.2063152660791119,89967,897,4.635020152261532,0.46992054483541434,0.009792479464692609,[881],[0.46992054483541434],153,414.00,138.0
C626744280134,2021-08-30,2021-07-09 Consideração - Dolce Far Niente,PAUSED,79397,1.1975406984237142,95082,904,4.388335930295418,0.46256983240223465,0.00941292778864559,[895],[0.46256983240223465],159,414.00,103.5
C626744280134,2021-08-31,2021-07-09 Consideração - Dolce Far Niente,PAUSED,88905,1.1727573541379352,104264,902,3.99957492440417,0.46360582306830905,0.008564797053633085,[893],[0.46360582306830905],148,414.00,138.0
C626744280134,2021-09-01,2021-07-09 Consideração - Dolce Far Niente,PAUSED,39610,1.1299234143037113,44757,421,4.303860989497085,0.45065820427553444,0.009406349844717027,[421],[0.45065820427553444],76,189.73,94.863552
C626744280134,2021-09-02,2021-07-09 Consideração - Dolce Far Niente,PAUSED,499,1.2965931863727456,647,0,0,0,0.0061823802163833074,[4],[0.0],0,0,
C626744280134,2021-09-03,2021-07-09 Consideração - Dolce Far Niente,PAUSED,437,1.265446224256293,553,0,0,0,0.003616636528028933,[2],[0.0],4,0,
C626744280134,2021-09-04,2021-07-09 Consideração - Dolce Far Niente,PAUSED,411,1.2335766423357664,507,0,0,0,0.0019723865877712033,[1],[0.0],0,0,
C626744280134,2021-09-05,2021-07-09 Consideração - Dolce Far Niente,PAUSED,409,1.3887530562347188,568,0,0,0,0.0017605633802816902,[1],[0.0],0,0,
C626744280134,2021-09-06,2021-07-09 Consideração - Dolce Far Niente,PAUSED,385,1.3402597402597403,516,0,0,0,0.003875968992248062,[2],[0.0],0,0,
C626744280134,2021-09-07,2021-07-09 Consideração - Dolce Far Niente,PAUSED,394,1.2944162436548223,510,0,0,0,0,[0],[0.0],1,0,
C626744280134,2021-09-08,2021-07-09 Consideração - Dolce Far Niente,PAUSED,334,1.374251497005988,459,0,0,0,0.010893246187363835,[5],[0.0],0,0,
C626744280134,2021-09-09,2021-07-09 Consideração - Dolce Far Niente,PAUSED,263,1.2813688212927756,337,0,0,0,0,[0],[0.0],0,0,
C626744280134,2021-09-10,2021-07-09 Consideração - Dolce Far Niente,PAUSED,335,1.3582089552238805,455,0,0,0,0.015384615384615385,[7],[0.0],0,0,
C626744280134,2021-09-11,2021-07-09 Consideração - Dolce Far Niente,PAUSED,266,1.218045112781955,324,0,0,0,0.0030864197530864196,[1],[0.0],0,0,
C626744280134,2021-09-12,2021-07-09 Consideração - Dolce Far Niente,PAUSED,212,1.2311320754716981,261,0,0,0,0.0038314176245210726,[1],[0.0],0,0,
C626744280134,2021-09-13,2021-07-09 Consideração - Dolce Far Niente,PAUSED,246,1.3089430894308942,322,0,0,0,0,[0],[0.0],0,0,
C626744280134,2021-09-14,2021-07-09 Consideração - Dolce Far Niente,PAUSED,260,1.3461538461538463,350,0,0,0,0.005714285714285714,[2],[0.0],139,0,
C626744280134,2021-09-15,2021-07-09 Consideração - Dolce Far Niente,PAUSED,249,1.2610441767068272,314,0,0,0,0,[0],[0.0],0,0,
C626744280134,2021-09-16,2021-07-09 Consideração - Dolce Far Niente,PAUSED,230,1.2391304347826086,285,0,0,0,0.0035087719298245615,[1],[0.0],2,0,
C626744280134,2021-09-17,2021-07-09 Consideração - Dolce Far Niente,PAUSED,213,1.3145539906103287,280,0,0,0,0.0035714285714285713,[1],[0.0],0,0,
C626744280134,2021-09-18,2021-07-09 Consideração - Dolce Far Niente,PAUSED,167,1.2455089820359282,208,0,0,0,0.014423076923076924,[3],[0.0],0,0,
C626744280134,2021-09-19,2021-07-09 Consideração - Dolce Far Niente,PAUSED,165,1.4181818181818182,234,0,0,0,0,[0],[0.0],0,0,
C626744280134,2021-09-20,2021-07-09 Consideração - Dolce Far Niente,PAUSED,189,1.343915343915344,254,0,0,0,0.003937007874015748,[1],[0.0],1,0,
C626744280134,2021-09-21,2021-07-09 Consideração - Dolce Far Niente,PAUSED,165,1.593939393939394,263,0,0,0,0,[0],[0.0],0,0,
C626744280134,2021-09-22,2021-07-09 Consideração - Dolce Far Niente,PAUSED,187,1.3850267379679144,259,0,0,0,0.015444015444015444,[4],[0.0],0,0,
C626744280134,2021-09-23,2021-07-09 Consideração - Dolce Far Niente,PAUSED,156,1.2307692307692308,192,0,0,0,0.005208333333333333,[1],[0.0],0,0,
C626744280134,2021-09-24,2021-07-09 Consideração - Dolce Far Niente,PAUSED,157,1.4394904458598725,226,0,0,0,0,[0],[0.0],0,0,
C626744280134,2021-09-25,2021-07-09 Consideração - Dolce Far Niente,PAUSED,162,1.3024691358024691,211,0,0,0,0,[0],[0.0],0,0,
C626744280134,2021-09-26,2021-07-09 Consideração - Dolce Far Niente,PAUSED,169,1.301775147928994,220,0,0,0,0.004545454545454545,[1],[0.0],0,0,
C626744280134,2021-09-27,2021-07-09 Consideração - Dolce Far Niente,PAUSED,181,1.2154696132596685,220,0,0,0,0,[0],[0.0],0,0,
C626744280134,2021-09-28,2021-07-09 Consideração - Dolce Far Niente,PAUSED,178,1.348314606741573,240,0,0,0,0.004166666666666667,[1],[0.0],0,0,
C626744280134,2021-09-29,2021-07-09 Consideração - Dolce Far Niente,PAUSED,173,1.3583815028901733,235,0,0,0,0.00851063829787234,[2],[0.0],0,0,
C626744280134,2021-09-30,2021-07-09 Consideração - Dolce Far Niente,PAUSED,177,1.7514124293785311,310,0,0,0,0.0032258064516129032,[1],[0.0],0,0,
C626744280134,2021-10-01,2021-07-09 Consideração - Dolce Far Niente,PAUSED,157,1.515923566878981,238,0,0,0,0.004201680672268907,[1],[0.0],0,0,
C626744280134,2021-10-02,2021-07-09 Consideração - Dolce Far Niente,PAUSED,168,1.2619047619047619,212,0,0,0,0.009433962264150943,[2],[0.0],0,0,
C626744280134,2021-10-03,2021-07-09 Consideração - Dolce Far Niente,PAUSED,159,1.3144654088050314,209,0,0,0,0.023923444976076555,[5],[0.0],0,0,
C626744280134,2021-10-04,2021-07-09 Consideração - Dolce Far Niente,PAUSED,219,1.2968036529680365,284,0,0,0,0,[0],[0.0],3,0,
C626744280134,2021-10-05,2021-07-09 Consideração - Dolce Far Niente,PAUSED,238,1.218487394957983,290,0,0,0,0,[0],[0.0],1,0,
C626744280134,2021-10-06,2021-07-09 Consideração - Dolce Far Niente,PAUSED,190,1.4631578947368422,278,0,0,0,0.0035971223021582736,[1],[0.0],0,0,
C626744280134,2021-10-07,2021-07-09 Consideração - Dolce Far Niente,PAUSED,182,1.2417582417582418,226,0,0,0,0,[0],[0.0],0,0,
C626744280134,2021-10-08,2021-07-09 Consideração - Dolce Far Niente,PAUSED,178,1.4157303370786516,252,0,0,0,0.011904761904761904,[3],[0.0],0,0,
C626744280134,2021-10-09,2021-07-09 Consideração - Dolce Far Niente,PAUSED,142,1.2605633802816902,179,0,0,0,0.00558659217877095,[1],[0.0],0,0,
C626744280134,2021-10-10,2021-07-09 Consideração - Dolce Far Niente,PAUSED,232,1.2456896551724137,289,0,0,0,0.0034602076124567475,[1],[0.0],0,0,
C626744280134,2021-10-11,2021-07-09 Consideração - Dolce Far Niente,PAUSED,305,1.2295081967213115,375,0,0,0,0,[0],[0.0],1,0,
C626744280134,2021-10-12,2021-07-09 Consideração - Dolce Far Niente,PAUSED,258,1.2713178294573644,328,0,0,0,0.003048780487804878,[1],[0.0],0,0,
C626744280134,2021-10-13,2021-07-09 Consideração - Dolce Far Niente,PAUSED,271,1.2583025830258303,341,0,0,0,0.005865102639296188,[2],[0.0],0,0,
C626744280134,2021-10-14,2021-07-09 Consideração - Dolce Far Niente,PAUSED,309,1.4077669902912622,435,0,0,0,0.011494252873563218,[5],[0.0],0,0,
C626744280134,2021-10-15,2021-07-09 Consideração - Dolce Far Niente,PAUSED,286,1.2937062937062938,370,0,0,0,0.005405405405405406,[2],[0.0],1,0,
C626744280134,2021-10-16,2021-07-09 Consideração - Dolce Far Niente,PAUSED,260,1.2846153846153847,334,0,0,0,0.0029940119760479044,[1],[0.0],0,0,
C626744280134,2021-10-17,2021-07-09 Consideração - Dolce Far Niente,PAUSED,285,1.2982456140350878,370,0,0,0,0.008108108108108109,[3],[0.0],0,0,
C626744280134,2021-10-18,2021-07-09 Consideração - Dolce Far Niente,PAUSED,286,1.2342657342657342,353,0,0,0,0.0028328611898017,[1],[0.0],0,0,
C626744280134,2021-10-19,2021-07-09 Consideração - Dolce Far Niente,PAUSED,302,1.2119205298013245,366,0,0,0,0,[0],[0.0],0,0,
C626744280134,2021-10-20,2021-07-09 Consideração - Dolce Far Niente,PAUSED,319,1.2633228840125392,403,0,0,0,0.0024813895781637717,[1],[0.0],0,0,
C626744280134,2021-10-21,2021-07-09 Consideração - Dolce Far Niente,PAUSED,311,1.2443729903536977,387,0,0,0,0,[0],[0.0],0,0,
C626744280134,2021-10-22,2021-07-09 Consideração - Dolce Far Niente,PAUSED,274,1.218978102189781,334,0,0,0,0.008982035928143712,[3],[0.0],0,0,
C626744280134,2021-10-23,2021-07-09 Consideração - Dolce Far Niente,PAUSED,245,1.1877551020408164,291,0,0,0,0,[0],[0.0],0,0,
C626744280134,2021-10-24,2021-07-09 Consideração - Dolce Far Niente,PAUSED,236,1.2118644067796611,286,0,0,0,0.013986013986013986,[4],[0.0],1,0,
C626744280134,2021-10-25,2021-07-09 Consideração - Dolce Far Niente,PAUSED,274,1.3722627737226278,376,0,0,0,0.005319148936170213,[2],[0.0],0,0,
C626744280134,2021-10-26,2021-07-09 Consideração - Dolce Far Niente,PAUSED,270,1.2925925925925925,349,0,0,0,0,[0],[0.0],0,0,
C626744280134,2021-10-27,2021-07-09 Consideração - Dolce Far Niente,PAUSED,269,1.2825278810408922,345,0,0,0,0.002898550724637681,[1],[0.0],0,0,
C626744280134,2021-10-28,2021-07-09 Consideração - Dolce Far Niente,PAUSED,265,1.1773584905660377,312,0,0,0,0,[0],[0.0],0,0,
C626744280134,2021-10-29,2021-07-09 Consideração - Dolce Far Niente,PAUSED,213,1.215962441314554,259,0,0,0,0.007722007722007722,[2],[0.0],0,0,
C626744280134,2021-10-30,2021-07-09 Consideração - Dolce Far Niente,PAUSED,228,1.2017543859649122,274,0,0,0,0,[0],[0.0],0,0,
C626744385053,2021-08-06,2021-07-30 Visualizações do vídeo - Transição Rappi,PAUSED,28805,1.4473524461163023,41692,145,7.724230575479167,2.2836879432624113,0.0033819437781828646,[22415],[0.01436538032567477],24,322.00,Infinity
C626744385053,2021-08-07,2021-07-30 Visualizações do vídeo - Transição Rappi,PAUSED,34035,1.0755457578936554,36607,67,8.797333479044863,4.8059701492537314,0.0018302510448821264,[18992],[0.016954507160909855],48,322.00,161.0
C626744385053,2021-08-08,2021-07-30 Visualizações do vídeo - Transição Rappi,PAUSED,33510,1.0741361265705023,35995,85,8.915653449378528,3.7721605294117646,0.002361439088762328,[18766],[0.017085881114782053],46,320.63,320.633645
C626744385053,2021-08-09,2021-07-30 Visualizações do vídeo - Transição Rappi,PAUSED,35611,1.072415873604664,38190,64,8.429795156725023,5.0257385,0.0016758313694684472,[19388],[0.016590017742933776],54,321.65,Infinity
C626744385053,2021-08-10,2021-07-30 Visualizações do vídeo - Transição Rappi,PAUSED,37026,1.0507410837763427,38905,72,8.254482759507342,4.458681791666667,0.0018506618686544146,[19286],[0.01664549875557399],43,321.03,160.5125445
C626744385053,2021-08-11,2021-07-30 Visualizações do vídeo - Transição Rappi,PAUSED,33826,1.078618122386983,36486,72,8.785541424498302,4.578020128571429,0.0019185440991065065,[19031],[0.016838915926646],27,320.46,320.461409
C626744385053,2021-08-12,2021-07-30 Visualizações do vídeo - Transição Rappi,PAUSED,33847,1.0895109081627499,36877,52,8.68335592576514,6.1544955,0.001410093011904439,[19244],[0.016630314175847014],59,320.03,106.67792200000001
C626744385053,2021-08-13,2021-07-30 Visualizações do vídeo - Transição Rappi,PAUSED,33330,1.077855563276595,35926,68,8.966611901645734,4.8059701492537314,0.0018649446083616322,[18574],[0.017336061160762358],37,322.00,107.33333333333333
C626744385053,2021-08-14,2021-07-30 Visualizações do vídeo - Transição Rappi,PAUSED,32948,1.0714972573887047,35304,79,9.126466753585397,4.075949367088607,0.0022377067754362112,[18605],[0.017307175490459556],71,322.00,Infinity
C626744385053,2021-08-15,2021-07-30 Visualizações do vídeo - Transição Rappi,PAUSED,32749,1.0831321556693985,35472,77,9.041710420134873,4.216411302631579,0.002142534957149301,[18767],[0.01707503911120584],50,320.45,320.447259
C626744385053,2021-08-16,2021-07-30 Visualizações do vídeo - Transição Rappi,PAUSED,33186,1.0735462977764298,35627,61,9.033047895949212,5.271449819672131,0.0017121845791113481,[18693],[0.01720207772963141],78,321.56,321.558439
C626744385053,2021-08-17,2021-07-30 Visualizações do vídeo - Transição Rappi,PAUSED,32576,1.0751392717601753,35024,54,9.165508689189963,5.830263400000001,0.00157035175879397,[18227],[0.017592828605914303],64,320.66,53.44408116666667
C626744385053,2021-08-18,2021-07-30 Visualizações do vídeo - Transição Rappi,PAUSED,33149,1.0722348610726602,35544,75,9.060723732342845,4.351351351351352,0.0020819266261534997,[18549],[0.017359426384171654],165,322.00,Infinity
C626744385053,2021-08-19,2021-07-30 Visualizações do vídeo - Transição Rappi,PAUSED,31869,1.0696040349660212,34088,51,9.448079575129837,6.313725490196078,0.0014961276695611358,[18302],[0.017593705605944705],42,322.00,Infinity
C626744385053,2021-08-20,2021-07-30 Visualizações do vídeo - Transição Rappi,PAUSED,29932,1.0663595012551665,31919,72,10.088983581902495,4.6,0.00219305116075065,[17030],[0.018907809747504407],66,322.00,161.0
C626744385053,2021-08-21,2021-07-30 Visualizações do vídeo - Transição Rappi,PAUSED,28279,1.0710220056867243,30288,67,10.62038221503104,4.873146287878788,0.002179080824088748,[16438],[0.019566106278136028],54,321.63,321.627655
C626744385053,2021-08-22,2021-07-30 Visualizações do vídeo - Transição Rappi,PAUSED,28328,1.0727780888138572,30390,68,10.506934533605424,4.694436544117647,0.0022375781507074696,[16671],[0.019148322536140603],58,319.22,159.6108425
C626744385053,2021-08-23,2021-07-30 Visualizações do vídeo - Transição Rappi,PAUSED,31297,1.0580009239185884,33113,68,9.725452293938202,4.735294117647059,0.0020535741249660252,[17897],[0.017991842208191316],38,322.00,161.0
C626744385053,2021-08-24,2021-07-30 Visualizações do vídeo - Transição Rappi,PAUSED,31828,1.0794989982713201,34359,61,9.372453137734311,5.457627118644068,0.0017171628976396286,[18281],[0.01761391608774137],41,322.00,Infinity
C626744385053,2021-08-25,2021-07-30 Visualizações do vídeo - Transição Rappi,PAUSED,31975,1.0790044916934738,34502,70,9.226048986927157,4.546992342857143,0.0020288678917164222,[18394],[0.017303983037947158],92,318.29,318.289464
C626744385053,2021-08-26,2021-07-30 Visualizações do vídeo - Transição Rappi,PAUSED,33825,1.06622867908028,36066,65,8.803802584867984,4.883537015384616,0.0018022514279376698,[18819],[0.016867522503852487],27,317.43,Infinity
C626744385053,2021-08-27,2021-07-30 Visualizações do vídeo - Transição Rappi,PAUSED,33349,1.0669326840846352,35582,63,8.999325584663818,5.248524704918032,0.0017143499522230341,[18662],[0.017155717875897546],62,320.16,320.160007
C626744385053,2021-08-28,2021-07-30 Visualizações do vídeo - Transição Rappi,PAUSED,34164,1.0579709793614307,36145,71,8.880580112331572,4.585297242857143,0.001936644072485821,[18925],[0.016960148322324967],78,320.97,320.970807
C626744385053,2021-08-29,2021-07-30 Visualizações do vídeo - Transição Rappi,PAUSED,25249,1.2647831500720808,31935,82,9.98285604660632,3.886861524390244,0.002567715672459684,[17831],[0.01787463658796478],32,318.72,159.3613225
C626744385053,2021-08-30,2021-07-30 Visualizações do vídeo - Transição Rappi,PAUSED,30058,1.1571814894340704,34783,80,9.225052245672552,4.0103608374999995,0.0022999741252910906,[19033],[0.016856452845058583],65,320.83,160.4144335
C626744385053,2021-08-31,2021-07-30 Visualizações do vídeo - Transição Rappi,PAUSED,30683,1.139628956726596,34968,75,9.158679043423538,4.326609486486486,0.0021162205444978264,[18923],[0.016919574169000688],53,320.17,Infinity
C626744385053,2021-09-01,2021-07-30 Visualizações do vídeo - Transição Rappi,PAUSED,21546,1.2149332619905113,26177,68,10.142199854706737,4.019077196969697,0.0025212973220766323,[15072],[0.017599462247876858],73,265.26,Infinity
C626744385053,2021-09-02,2021-07-30 Visualizações do vídeo - Transição Rappi,PAUSED,9,2.3333333333333335,21,0,0,0,0,[5],[0.0],0,0,
C626744385053,2021-09-03,2021-07-30 Visualizações do vídeo - Transição Rappi,PAUSED,9,1.6666666666666667,15,0,0,0,0,[5],[0.0],0,0,
C626744385053,2021-09-04,2021-07-30 Visualizações do vídeo - Transição Rappi,PAUSED,12,1.1666666666666667,14,0,0,0,0,[2],[0.0],0,0,
C626744385053,2021-09-05,2021-07-30 Visualizações do vídeo - Transição Rappi,PAUSED,6,1.8333333333333333,11,0,0,0,0.09090909090909091,[4],[0.0],0,0,
C626744385053,2021-09-06,2021-07-30 Visualizações do vídeo - Transição Rappi,PAUSED,5,1.2,6,0,0,0,0,[0],[0.0],0,0,
C626744385053,2021-09-07,2021-07-30 Visualizações do vídeo - Transição Rappi,PAUSED,4,1.25,5,0,0,0,0,[1],[0.0],0,0,
C626744385053,2021-09-08,2021-07-30 Visualizações do vídeo - Transição Rappi,PAUSED,3,1.6666666666666667,5,0,0,0,0,[2],[0.0],0,0,
C626744385053,2021-09-09,2021-07-30 Visualizações do vídeo - Transição Rappi,PAUSED,2,1.0,2,0,0,0,0,[1],[0.0],0,0,
C626744385053,2021-09-10,2021-07-30 Visualizações do vídeo - Transição Rappi,PAUSED,1,1.0,1,0,0,0,0,[1],[0.0],0,0,
C626744385053,2021-09-11,2021-07-30 Visualizações do vídeo - Transição Rappi,PAUSED,1,1.0,1,0,0,0,0,[0],[0.0],0,0,
C626744385053,2021-09-12,2021-07-30 Visualizações do vídeo - Transição Rappi,PAUSED,1,2.0,2,0,0,0,0,[1],[0.0],0,0,
C626744385053,2021-09-13,2021-07-30 Visualizações do vídeo - Transição Rappi,PAUSED,2,1.5,3,0,0,0,0,[1],[0.0],0,0,
C626744385053,2021-09-14,2021-07-30 Visualizações do vídeo - Transição Rappi,PAUSED,4,1.0,4,0,0,0,0,[1],[0.0],0,0,
C626744385053,2021-09-15,2021-07-30 Visualizações do vídeo - Transição Rappi,PAUSED,2,1.0,2,0,0,0,0,[0],[0.0],0,0,
C626744385053,2021-09-18,2021-07-30 Visualizações do vídeo - Transição Rappi,PAUSED,2,3.0,6,0,0,0,0,[0],[0.0],0,0,
C626744385053,2021-09-19,2021-07-30 Visualizações do vídeo - Transição Rappi,PAUSED,1,8.0,8,0,0,0,0.375,[1],[0.0],0,0,
C626744385053,2021-09-20,2021-07-30 Visualizações do vídeo - Transição Rappi,PAUSED,1,1.0,1,0,0,0,0,[0],[0.0],0,0,
C626744385053,2021-09-21,2021-07-30 Visualizações do vídeo - Transição Rappi,PAUSED,4,2.0,8,0,0,0,0,[2],[0.0],0,0,
C626744385053,2021-09-22,2021-07-30 Visualizações do vídeo - Transição Rappi,PAUSED,3,1.6666666666666667,5,0,0,0,0,[1],[0.0],0,0,
C626744385053,2021-09-24,2021-07-30 Visualizações do vídeo - Transição Rappi,PAUSED,4,1.0,4,0,0,0,0,[0],[0.0],0,0,
C626744385053,2021-09-25,2021-07-30 Visualizações do vídeo - Transição Rappi,PAUSED,1,1.0,1,0,0,0,0,[0],[0.0],0,0,
C626744385053,2021-09-27,2021-07-30 Visualizações do vídeo - Transição Rappi,PAUSED,2,1.5,3,0,0,0,0,[1],[0.0],0,0,
C626744385053,2021-09-28,2021-07-30 Visualizações do vídeo - Transição Rappi,PAUSED,2,1.0,2,0,0,0,0,[0],[0.0],0,0,
C626744385053,2021-09-29,2021-07-30 Visualizações do vídeo - Transição Rappi,PAUSED,1,1.0,1,0,0,0,0,[0],[0.0],0,0,
C626744385053,2021-09-30,2021-07-30 Visualizações do vídeo - Transição Rappi,PAUSED,1,1.0,1,0,0,0,0,[0],[0.0],0,0,
C626744385053,2021-10-01,2021-07-30 Visualizações do vídeo - Transição Rappi,PAUSED,1,1.0,1,0,0,0,0,[0],[0.0],0,0,
C626744385053,2021-10-02,2021-07-30 Visualizações do vídeo - Transição Rappi,PAUSED,1,1.0,1,0,0,0,0,[0],[0.0],0,0,
C626744385053,2021-10-03,2021-07-30 Visualizações do vídeo - Transição Rappi,PAUSED,1,1.0,1,0,0,0,0,[0],[0.0],0,0,
C626744385053,2021-10-05,2021-07-30 Visualizações do vídeo - Transição Rappi,PAUSED,1,1.0,1,0,0,0,0,[1],[0.0],0,0,
C626744385053,2021-10-06,2021-07-30 Visualizações do vídeo - Transição Rappi,PAUSED,1,1.0,1,0,0,0,0,[0],[0.0],0,0,
C626744385053,2021-10-08,2021-07-30 Visualizações do vídeo - Transição Rappi,PAUSED,3,1.3333333333333333,4,0,0,0,0,[0],[0.0],0,0,
C626744385053,2021-10-09,2021-07-30 Visualizações do vídeo - Transição Rappi,PAUSED,1,1.0,1,0,0,0,0,[0],[0.0],0,0,
C626744385053,2021-10-10,2021-07-30 Visualizações do vídeo - Transição Rappi,PAUSED,2,1.0,2,0,0,0,0,[0],[0.0],0,0,
C626744385053,2021-10-11,2021-07-30 Visualizações do vídeo - Transição Rappi,PAUSED,4,1.25,5,0,0,0,0,[0],[0.0],0,0,
C626744385053,2021-10-12,2021-07-30 Visualizações do vídeo - Transição Rappi,PAUSED,3,1.3333333333333333,4,0,0,0,0,[0],[0.0],0,0,
C626744385053,2021-10-13,2021-07-30 Visualizações do vídeo - Transição Rappi,PAUSED,8,1.75,14,0,0,0,0,[1],[0.0],0,0,
C626744385053,2021-10-14,2021-07-30 Visualizações do vídeo - Transição Rappi,PAUSED,8,1.5,12,0,0,0,0,[0],[0.0],0,0,
C626744385053,2021-10-15,2021-07-30 Visualizações do vídeo - Transição Rappi,PAUSED,5,1.8,9,0,0,0,0,[0],[0.0],0,0,
C626744385053,2021-10-16,2021-07-30 Visualizações do vídeo - Transição Rappi,PAUSED,4,1.0,4,0,0,0,0,[1],[0.0],0,0,
C626744385053,2021-10-17,2021-07-30 Visualizações do vídeo - Transição Rappi,PAUSED,6,1.1666666666666667,7,0,0,0,0,[1],[0.0],0,0,
C626744385053,2021-10-18,2021-07-30 Visualizações do vídeo - Transição Rappi,PAUSED,5,1.2,6,0,0,0,0,[1],[0.0],0,0,
C626744385053,2021-10-19,2021-07-30 Visualizações do vídeo - Transição Rappi,PAUSED,8,1.375,11,0,0,0,0,[4],[0.0],0,0,
C626744385053,2021-10-20,2021-07-30 Visualizações do vídeo - Transição Rappi,PAUSED,4,1.25,5,0,0,0,0,[0],[0.0],0,0,
C626744385053,2021-10-21,2021-07-30 Visualizações do vídeo - Transição Rappi,PAUSED,5,1.0,5,0,0,0,0,[1],[0.0],0,0,
C626744385053,2021-10-22,2021-07-30 Visualizações do vídeo - Transição Rappi,PAUSED,4,1.0,4,0,0,0,0,[0],[0.0],0,0,
C626744385053,2021-10-23,2021-07-30 Visualizações do vídeo - Transição Rappi,PAUSED,6,1.5,9,0,0,0,0,[2],[0.0],0,0,
C626744385053,2021-10-24,2021-07-30 Visualizações do vídeo - Transição Rappi,PAUSED,3,1.0,3,0,0,0,0,[1],[0.0],0,0,
C626744385053,2021-10-25,2021-07-30 Visualizações do vídeo - Transição Rappi,PAUSED,8,1.25,10,0,0,0,0,[2],[0.0],0,0,
C626744385053,2021-10-26,2021-07-30 Visualizações do vídeo - Transição Rappi,PAUSED,7,1.2857142857142858,9,0,0,0,0.1111111111111111,[1],[0.0],0,0,
C626744385053,2021-10-27,2021-07-30 Visualizações do vídeo - Transição Rappi,PAUSED,4,1.0,4,0,0,0,0,[2],[0.0],0,0,
C626744385053,2021-10-28,2021-07-30 Visualizações do vídeo - Transição Rappi,PAUSED,9,2.0,18,0,0,0,0,[6],[0.0],0,0,
C626744385053,2021-10-29,2021-07-30 Visualizações do vídeo - Transição Rappi,PAUSED,5,1.4,7,0,0,0,0,[0],[0.0],0,0,
C626744385053,2021-10-30,2021-07-30 Visualizações do vídeo - Transição Rappi,PAUSED,3,3.3333333333333335,10,0,0,0,0,[2],[0.0],0,0,
C626744541880,2021-09-01,Tráfego - Principales,PAUSED,57204,1.0415977567595045,59584,397,4.466380708615162,0.6840910771208226,0.00652859828141783,[389],[0.6840910771208226],89,266.11,66.52785725
C626744541880,2021-09-02,Tráfego - Principales,PAUSED,87572,1.0419187389330755,91243,779,3.836751696392357,0.4563233376792699,0.00840612430542617,[767],[0.4563233376792699],102,350.00,31.818181818181817
C626744541880,2021-09-03,Tráfego - Principales,PAUSED,81320,1.0516631408253068,85522,692,3.6251374044016185,0.45454545454545453,0.007974556254530998,[682],[0.45454545454545453],136,310.00,44.285714285714285
C626744541880,2021-09-04,Tráfego - Principales,PAUSED,74316,1.0547083111272189,78382,674,3.955544780594863,0.4668674698795181,0.008471332703937129,[664],[0.4668674698795181],90,310.00,38.75
C626744541880,2021-09-05,Tráfego - Principales,PAUSED,78286,1.0600338923066035,82986,718,4.013208638642499,0.46967559943582515,0.008543609765502615,[709],[0.46967559943582515],69,333.00,83.25
C626744541880,2021-09-06,Tráfego - Principales,PAUSED,86197,1.0541837333105188,90868,730,3.665785997357992,0.46769662921348315,0.007835541664832505,[712],[0.46769662921348315],118,333.00,55.5
C626744541880,2021-09-07,Tráfego - Principales,PAUSED,152383,1.0670890698390432,162607,1411,4.103580019810386,0.48124098124098125,0.008523618294415369,[1386],[0.48124098124098125],197,667.00,74.11111111111111
C626744541880,2021-09-08,Tráfego - Principales,PAUSED,141618,1.103776241287081,156315,1416,4.263773500499194,0.4799878508645533,0.008879506125451813,[1388],[0.4799878508645533],114,666.22,133.24462739999998
C626744541880,2021-09-09,Tráfego - Principales,PAUSED,140469,1.162048180349408,163232,1413,4.089891774228163,0.48615160349854225,0.008405214663791414,[1372],[0.48615160349854225],179,667.00,133.4
C626744541880,2021-09-10,Tráfego - Principales,PAUSED,124985,1.148510118723578,143547,1413,4.665836562810415,0.4857975236707939,0.009564811525145074,[1373],[0.4857975236707939],144,667.00,60.63636363636363
C626744541880,2021-09-11,Tráfego - Principales,PAUSED,95912,1.1736277185711017,112566,1489,5.926199359409015,0.45683090027510315,0.012916866549402129,[1454],[0.45683090027510315],129,664.23,83.029016125
C626744541880,2021-09-12,Tráfego - Principales,PAUSED,95722,1.1925563573525395,114155,1526,5.885415287961811,0.453125,0.01289474836844641,[1472],[0.453125],181,667.00,60.63636363636363
C626744541880,2021-09-13,Tráfego - Principales,PAUSED,103879,1.1720832163059358,121756,1548,5.5346726079344135,0.44555778223112896,0.012295081967213115,[1497],[0.44555778223112896],187,667.00,33.35
C626744541880,2021-09-14,Tráfego - Principales,PAUSED,122154,1.167877186717521,142662,1551,4.710252390435434,0.4396835860250494,0.010633525395690513,[1517],[0.4396835860250494],181,667.00,60.63636363636363
C626744541880,2021-09-15,Tráfego - Principales,PAUSED,120084,1.15026609733823,138129,1518,4.892392510198691,0.4493220754716981,0.010743580276408284,[1484],[0.4493220754716981],190,666.79,111.13232666666666
C626744541880,2021-09-16,Tráfego - Principales,PAUSED,122078,1.138588979275852,138997,1513,4.915978773584905,0.4476510067114094,0.010719655819909782,[1490],[0.4476510067114094],228,667.00,133.4
C626744541880,2021-09-17,Tráfego - Principales,PAUSED,118462,1.1456093330948156,135712,1508,4.989079376477276,0.4473507712944333,0.010986500825277057,[1491],[0.4473507712944333],237,667.00,60.63636363636363
C626744541880,2021-09-18,Tráfego - Principales,PAUSED,101251,1.1539587956258084,116840,1525,5.7204607243629875,0.450371370695476,0.012675453611776789,[1481],[0.450371370695476],150,667.00,83.375
C626744541880,2021-09-19,Tráfego - Principales,PAUSED,102485,1.1471191554353506,117563,1557,5.68399703443633,0.4368041912246235,0.012988780483655572,[1527],[0.4368041912246235],253,667.00,111.16666666666667
C626744541880,2021-09-20,Tráfego - Principales,PAUSED,115186,1.1447955165456436,131865,1599,5.066002339323419,0.4267434420985285,0.01185303150949835,[1563],[0.4267434420985285],241,667.00,133.4
C626744541880,2021-09-21,Tráfego - Principales,PAUSED,109781,1.1829732334981558,129869,1661,5.1466446500358805,0.41249226963512675,0.012451008323772416,[1617],[0.41249226963512675],109,667.00,55.583333333333336
C626744541880,2021-09-22,Tráfego - Principales,PAUSED,94664,1.233403211633782,116759,1912,5.733047970225969,0.3527234267583289,0.01619575364639985,[1891],[0.3527234267583289],77,667.00,166.75
C626744541880,2021-09-23,Tráfego - Principales,PAUSED,133140,1.2782547303067404,170187,2367,5.124232308127075,0.3733852878592879,0.013696698337710872,[2331],[0.3733852878592879],128,870.36,79.12373690909091
C626744541880,2021-09-24,Tráfego - Principales,PAUSED,144599,1.2677393488870912,183315,2312,4.7729434791641605,0.388,0.012273954668194092,[2250],[0.388],148,873.00,67.15384615384616
C626744541880,2021-09-25,Tráfego - Principales,PAUSED,144680,1.2704028602311912,183803,2168,4.75853046985719,0.4114043355325165,0.011544969342176135,[2122],[0.4114043355325165],107,873.00,218.25
C626744541880,2021-09-26,Tráfego - Principales,PAUSED,126355,1.251227221402508,158099,2077,5.5327401323294545,0.4296259842519685,0.01285270621572559,[2032],[0.4296259842519685],109,873.00,79.36363636363636
C626744541880,2021-09-27,Tráfego - Principales,PAUSED,146004,1.1931842260470022,174210,2061,5.022437003797032,0.43303571428571425,0.011572240399517823,[2016],[0.43303571428571425],129,873.00,291.0
C626744541880,2021-09-28,Tráfego - Principales,PAUSED,137823,1.2196444747961577,168096,2025,5.208146901957977,0.43781344032096287,0.011862269179516468,[1994],[0.43781344032096287],105,873.00,436.5
C626744541880,2021-09-29,Tráfego - Principales,PAUSED,143024,1.1918908467683895,170470,1904,5.135263910212292,0.4651038891848695,0.011010735026690914,[1877],[0.4651038891848695],132,873.00,109.125
C626744541880,2021-09-30,Tráfego - Principales,PAUSED,144356,1.1959029634161304,172636,1861,5.074430797667971,0.4767886400873839,0.010606130818600987,[1831],[0.4767886400873839],179,873.00,145.5
C626744541880,2021-10-01,Tráfego - Principales,PAUSED,68062,1.1429319260381223,77791,871,4.9928577744357,0.44936302567094516,0.01101669858981116,[857],[0.44936302567094516],104,385.10,64.18401883333333
C626744541880,2021-10-02,Tráfego - Principales,PAUSED,395,1.2911392405063291,510,0,0,0,0.0058823529411764705,[3],[0.0],7,0,
C626744541880,2021-10-03,Tráfego - Principales,PAUSED,367,1.2670299727520435,465,0,0,0,0,[0],[0.0],0,0,
C626744541880,2021-10-04,Tráfego - Principales,PAUSED,528,1.5738636363636365,831,0,0,0,0.0048134777376654635,[4],[0.0],0,0,
C626744541880,2021-10-05,Tráfego - Principales,PAUSED,403,1.4317617866004964,577,0,0,0,0,[0],[0.0],0,0,
C626744541880,2021-10-06,Tráfego - Principales,PAUSED,353,1.2946175637393769,457,0,0,0,0.00437636761487965,[2],[0.0],0,0,
C626744541880,2021-10-07,Tráfego - Principales,PAUSED,410,1.2658536585365854,519,0,0,0,0.009633911368015413,[5],[0.0],2,0,
C626744541880,2021-10-08,Tráfego - Principales,PAUSED,375,1.216,456,0,0,0,0,[0],[0.0],1,0,
C626744541880,2021-10-09,Tráfego - Principales,PAUSED,363,1.2479338842975207,453,0,0,0,0.004415011037527594,[2],[0.0],0,0,
C626744541880,2021-10-10,Tráfego - Principales,PAUSED,499,1.2725450901803608,635,0,0,0,0.0031496062992125984,[2],[0.0],0,0,
C626744541880,2021-10-11,Tráfego - Principales,PAUSED,735,1.198639455782313,881,0,0,0,0.00340522133938706,[3],[0.0],0,0,
C626744541880,2021-10-12,Tráfego - Principales,PAUSED,645,1.1984496124031008,773,0,0,0,0.007761966364812419,[6],[0.0],0,0,
C626744541880,2021-10-13,Tráfego - Principales,PAUSED,662,1.2114803625377644,802,0,0,0,0.003740648379052369,[3],[0.0],0,0,
C626744541880,2021-10-14,Tráfego - Principales,PAUSED,657,1.2678843226788432,833,0,0,0,0.004801920768307323,[4],[0.0],0,0,
C626744541880,2021-10-15,Tráfego - Principales,PAUSED,671,1.2593144560357674,845,0,0,0,0.002366863905325444,[2],[0.0],0,0,
C626744541880,2021-10-16,Tráfego - Principales,PAUSED,437,1.17162471395881,512,0,0,0,0.001953125,[1],[0.0],0,0,
C626744541880,2021-10-17,Tráfego - Principales,PAUSED,435,1.2137931034482758,528,0,0,0,0.005681818181818182,[3],[0.0],2,0,0.0
C626744541880,2021-10-18,Tráfego - Principales,PAUSED,417,1.2733812949640289,531,0,0,0,0.0018832391713747645,[1],[0.0],0,0,
C626744541880,2021-10-19,Tráfego - Principales,PAUSED,293,1.4095563139931742,413,0,0,0,0.012106537530266344,[5],[0.0],0,0,
C626744541880,2021-10-20,Tráfego - Principales,PAUSED,219,1.3196347031963471,289,0,0,0,0.0034602076124567475,[1],[0.0],0,0,
C626744541880,2021-10-21,Tráfego - Principales,PAUSED,186,1.3978494623655915,260,0,0,0,0.011538461538461539,[3],[0.0],0,0,
C626744541880,2021-10-22,Tráfego - Principales,PAUSED,187,1.2887700534759359,241,0,0,0,0,[0],[0.0],0,0,
C626744541880,2021-10-23,Tráfego - Principales,PAUSED,123,1.2032520325203253,148,0,0,0,0.013513513513513514,[2],[0.0],0,0,
C626744541880,2021-10-24,Tráfego - Principales,PAUSED,144,1.2777777777777777,184,0,0,0,0,[0],[0.0],0,0,
C626744541880,2021-10-25,Tráfego - Principales,PAUSED,165,1.187878787878788,196,0,0,0,0,[0],[0.0],0,0,
C626744541880,2021-10-26,Tráfego - Principales,PAUSED,181,1.430939226519337,259,0,0,0,0.011583011583011582,[3],[0.0],0,0,
C626744541880,2021-10-27,Tráfego - Principales,PAUSED,142,1.3028169014084507,185,0,0,0,0,[0],[0.0],0,0,
C626744541880,2021-10-28,Tráfego - Principales,PAUSED,142,1.4014084507042253,199,0,0,0,0.005025125628140704,[1],[0.0],0,0,
C626744541880,2021-10-29,Tráfego - Principales,PAUSED,138,1.355072463768116,187,0,0,0,0.0106951871657754,[2],[0.0],0,0,
C626744541880,2021-10-30,Tráfego - Principales,PAUSED,102,1.3529411764705883,138,0,0,0,0,[0],[0.0],0,0,
C626744699675,2021-10-01,2021_brand_topo_mkt-places-delivery_aon_leva-junto-uma-viagem_rec_cpm_principale,PAUSED,20481,1.0540999428766267,21590,21,7.086614173228346,7.285714285714286,9.726725335803613E-4,[21590],[7.086614173228346],10,153.00,Infinity
C626744699675,2021-10-02,2021_brand_topo_mkt-places-delivery_aon_leva-junto-uma-viagem_rec_cpm_principale,PAUSED,19111,1.0593660058791519,20246,33,7.5406602785735455,4.626309333333333,0.0016299515953768645,[20246],[7.5406602785735455],10,152.67,Infinity
C626744699675,2021-10-03,2021_brand_topo_mkt-places-delivery_aon_leva-junto-uma-viagem_rec_cpm_principale,PAUSED,20713,1.0390116915054293,21522,34,7.074952699563238,4.6141555151515155,0.0015333147477000278,[21522],[7.074952699563238],7,152.27,Infinity
C626744699675,2021-10-04,2021_brand_topo_mkt-places-delivery_aon_leva-junto-uma-viagem_rec_cpm_principale,PAUSED,20981,1.0327653525389153,21669,29,7.060778070053994,5.275862068965517,0.0013383174119710186,[21669],[7.060778070053994],25,153.00,Infinity
C626744699675,2021-10-05,2021_brand_topo_mkt-places-delivery_aon_leva-junto-uma-viagem_rec_cpm_principale,PAUSED,20813,1.0297021758203762,21432,31,7.1388577827547595,4.935483870967742,0.0014464352370287422,[21432],[7.1388577827547595],9,153.00,Infinity
C626744699675,2021-10-06,2021_brand_topo_mkt-places-delivery_aon_leva-junto-uma-viagem_rec_cpm_principale,PAUSED,20684,1.0295636658619922,21296,38,7.187485319678677,4.026315789473684,0.0017843726521412473,[21296],[7.187485319678677],10,153.00,Infinity
C626744699675,2021-10-07,2021_brand_topo_mkt-places-delivery_aon_leva-junto-uma-viagem_rec_cpm_principale,PAUSED,20183,1.0396436491051617,20984,35,7.292312091892664,4.371428571428572,0.0016679374761723218,[20984],[7.292312091892664],5,153.00,76.5
C626744699675,2021-10-08,2021_brand_topo_mkt-places-delivery_aon_leva-junto-uma-viagem_rec_cpm_principale,PAUSED,19894,1.035464502099861,20600,23,7.427184466019417,6.6521739130434785,0.001116504854368932,[20600],[7.427184466019417],16,153.00,76.5
C626744699675,2021-10-09,2021_brand_topo_mkt-places-delivery_aon_leva-junto-uma-viagem_rec_cpm_principale,PAUSED,19945,1.044206322654461,20827,38,7.346233254909492,4.026315789473684,0.001824554664618044,[20827],[7.346233254909492],7,153.00,Infinity
C626744699675,2021-10-10,2021_brand_topo_mkt-places-delivery_aon_leva-junto-uma-viagem_rec_cpm_principale,PAUSED,20181,1.0335214013176948,20858,35,7.330958481158309,4.368832342857143,0.0016780132323329178,[20858],[7.330958481158309],8,152.91,Infinity
C626744699675,2021-10-11,2021_brand_topo_mkt-places-delivery_aon_leva-junto-uma-viagem_rec_cpm_principale,PAUSED,20408,1.030852093300627,21038,37,7.272554425325601,4.25,0.0017111892765472004,[21038],[7.272554425325601],3,153.00,Infinity
C626744699675,2021-10-12,2021_brand_topo_mkt-places-delivery_aon_leva-junto-uma-viagem_rec_cpm_principale,PAUSED,20102,1.0393757182956926,20894,32,7.322676366420982,4.78125,0.0015315401550684408,[20894],[7.322676366420982],22,153.00,Infinity
C626744699675,2021-10-13,2021_brand_topo_mkt-places-delivery_aon_leva-junto-uma-viagem_rec_cpm_principale,PAUSED,20329,1.0281680658862595,20902,36,7.321625113652678,4.25,0.001722323222658119,[20902],[7.321625113652678],17,153.00,Infinity
C626744699675,2021-10-14,2021_brand_topo_mkt-places-delivery_aon_leva-junto-uma-viagem_rec_cpm_principale,PAUSED,20461,1.0274891803601363,21024,28,7.282246549262255,6.12,0.001189117199391172,[21024],[7.282246549262255],0,153.00,Infinity
C626744699675,2021-10-15,2021_brand_topo_mkt-places-delivery_aon_leva-junto-uma-viagem_rec_cpm_principale,PAUSED,19843,1.0512713288788582,20861,26,7.321089361089793,5.870387346153846,0.0012463448540338431,[20861],[7.321089361089793],15,152.63,Infinity
C626744699675,2021-10-16,2021_brand_topo_mkt-places-delivery_aon_leva-junto-uma-viagem_rec_cpm_principale,PAUSED,20335,1.0360999059235676,21070,32,7.243638858553726,4.7674461875,0.0015187470336971997,[21070],[7.243638858553726],7,152.56,Infinity
C626744699675,2021-10-17,2021_brand_topo_mkt-places-delivery_aon_leva-junto-uma-viagem_rec_cpm_principale,PAUSED,20277,1.0458812594150921,21208,28,7.1984825,5.450279607142857,0.0013202565069784986,[21208],[7.1984825],9,152.61,Infinity
C626744699675,2021-10-18,2021_brand_topo_mkt-places-delivery_aon_leva-junto-uma-viagem_rec_cpm_principale,PAUSED,20475,1.0406922779719991,21309,19,7.189173949816746,8.052631578947368,8.916420291895443E-4,[21309],[7.189173949816746],16,153.00,Infinity
C626744699675,2021-10-19,2021_brand_topo_mkt-places-delivery_aon_leva-junto-uma-viagem_rec_cpm_principale,PAUSED,20252,1.0459823857695123,21184,31,7.2422607213859695,4.78125,0.0015105740181268882,[21184],[7.2422607213859695],14,153.00,Infinity
C626744699675,2021-10-20,2021_brand_topo_mkt-places-delivery_aon_leva-junto-uma-viagem_rec_cpm_principale,PAUSED,20929,1.0326761374533846,21613,31,7.1014156416802034,4.935483870967742,0.001434321935871929,[21613],[7.1014156416802034],18,153.00,76.5
C626744699675,2021-10-21,2021_brand_topo_mkt-places-delivery_aon_leva-junto-uma-viagem_rec_cpm_principale,PAUSED,16968,1.1170598321202734,18955,31,8.095666437377638,4.935483870967742,0.0016354523872329201,[18955],[8.095666437377638],14,153.00,153.0
C626744699675,2021-10-22,2021_brand_topo_mkt-places-delivery_aon_leva-junto-uma-viagem_rec_cpm_principale,PAUSED,13603,1.0259501580533705,13956,22,7.202995750504177,4.545745136363637,0.0015763829177414732,[13956],[7.202995750504177],13,100.01,Infinity
C626744699675,2021-10-23,2021_brand_topo_mkt-places-delivery_aon_leva-junto-uma-viagem_rec_cpm_principale,PAUSED,9005,1.0715158245419212,9649,23,7.552282032554258,3.0158779583333333,0.0024873043838739765,[9649],[7.552282032554258],7,72.38,Infinity
C626744699675,2021-10-24,2021_brand_topo_mkt-places-delivery_aon_leva-junto-uma-viagem_rec_cpm_principale,PAUSED,31,1.032258064516129,32,0,0,0,0,[32],[0.0],0,0,
C626744699675,2021-10-25,2021_brand_topo_mkt-places-delivery_aon_leva-junto-uma-viagem_rec_cpm_principale,PAUSED,63,1.3015873015873016,82,0,0,0,0,[82],[0.0],0,0,
C626744699675,2021-10-26,2021_brand_topo_mkt-places-delivery_aon_leva-junto-uma-viagem_rec_cpm_principale,PAUSED,46,1.3043478260869565,60,0,0,0,0.016666666666666666,[60],[0.0],0,0,
C626744699675,2021-10-27,2021_brand_topo_mkt-places-delivery_aon_leva-junto-uma-viagem_rec_cpm_principale,PAUSED,65,2.0,130,0,0,0,0.015384615384615385,[130],[0.0],0,0,
C626744699675,2021-10-28,2021_brand_topo_mkt-places-delivery_aon_leva-junto-uma-viagem_rec_cpm_principale,PAUSED,57,1.736842105263158,99,0,0,0,0.050505050505050504,[99],[0.0],0,0,
C626744699675,2021-10-29,2021_brand_topo_mkt-places-delivery_aon_leva-junto-uma-viagem_rec_cpm_principale,PAUSED,49,1.7959183673469388,88,0,0,0,0,[88],[0.0],0,0,
C626744699675,2021-10-30,2021_brand_topo_mkt-places-delivery_aon_leva-junto-uma-viagem_rec_cpm_principale,PAUSED,37,1.3513513513513513,50,0,0,0,0,[50],[0.0],0,0,
C626744700063,2021-10-01,2021_brand_topo_mkt-places-delivery_aon_primavera_rec_cpm_principale,PAUSED,17045,1.1482882777055679,19573,30,7.816890614622183,5.1,0.0015327236499259184,[19573],[7.816890614622183],17,153.00,Infinity
C626744700063,2021-10-02,2021_brand_topo_mkt-places-delivery_aon_primavera_rec_cpm_principale,PAUSED,19194,1.0469020974293852,20095,32,7.598975068424982,4.771918875,0.0015924359293356556,[20095],[7.598975068424982],10,152.70,Infinity
C626744700063,2021-10-03,2021_brand_topo_mkt-places-delivery_aon_primavera_rec_cpm_principale,PAUSED,20847,1.0181999270258297,21227,32,7.17880206370147,4.914932096774193,0.0014604042021953173,[21227],[7.17880206370147],7,152.36,Infinity
C626744700063,2021-10-04,2021_brand_topo_mkt-places-delivery_aon_primavera_rec_cpm_principale,PAUSED,21036,1.0208779355662636,21476,33,7.127882599580713,4.78125,0.001490035388340473,[21476],[7.127882599580713],9,153.00,Infinity
C626744700063,2021-10-05,2021_brand_topo_mkt-places-delivery_aon_primavera_rec_cpm_principale,PAUSED,20912,1.0155156017393394,21237,42,7.20814095920098,3.642857142857143,0.00197768046334228,[21237],[7.20814095920098],10,153.00,Infinity
C626744700063,2021-10-06,2021_brand_topo_mkt-places-delivery_aon_primavera_rec_cpm_principale,PAUSED,21086,1.0165051089433161,21435,24,7.139524031731218,6.375,0.001119664100769769,[21435],[7.139524031731218],8,153.00,Infinity
C626744700063,2021-10-07,2021_brand_topo_mkt-places-delivery_aon_primavera_rec_cpm_principale,PAUSED,20682,1.0272113165966155,21245,25,7.204068179677936,6.12,0.0011767474699929394,[21245],[7.204068179677936],21,153.00,Infinity
C626744700063,2021-10-08,2021_brand_topo_mkt-places-delivery_aon_primavera_rec_cpm_principale,PAUSED,20839,1.0201198213965745,21259,22,7.197629016324034,7.285714285714286,9.878169245966415E-4,[21259],[7.197629016324034],18,153.00,Infinity
C626744700063,2021-10-09,2021_brand_topo_mkt-places-delivery_aon_primavera_rec_cpm_principale,PAUSED,20725,1.0287297587612418,21321,27,7.177033492822965,5.884615384615385,0.0012194549974203837,[21321],[7.177033492822965],7,153.00,Infinity
C626744700063,2021-10-10,2021_brand_topo_mkt-places-delivery_aon_primavera_rec_cpm_principale,PAUSED,20609,1.0334393003634184,21299,37,7.182743540355163,4.246996638888889,0.0016902201981313677,[21299],[7.182743540355163],12,152.89,Infinity
C626744700063,2021-10-11,2021_brand_topo_mkt-places-delivery_aon_primavera_rec_cpm_principale,PAUSED,20931,1.0346919625895945,21658,39,7.066974595842956,3.923076923076923,0.001800720288115246,[21658],[7.066974595842956],8,153.00,Infinity
C626744700063,2021-10-12,2021_brand_topo_mkt-places-delivery_aon_primavera_rec_cpm_principale,PAUSED,20998,1.033601794090719,21704,38,7.053941908713693,4.026315789473684,0.0017508293402137855,[21704],[7.053941908713693],7,153.00,Infinity
C626744700063,2021-10-13,2021_brand_topo_mkt-places-delivery_aon_primavera_rec_cpm_principale,PAUSED,20969,1.0285952760408468,21569,49,7.098450403637377,3.122448979591837,0.002271778942000093,[21569],[7.098450403637377],13,153.00,Infinity
C626744700063,2021-10-14,2021_brand_topo_mkt-places-delivery_aon_primavera_rec_cpm_principale,PAUSED,21081,1.0292724742623756,21699,28,7.054917692626919,5.464285714285714,0.0012903820452555418,[21699],[7.054917692626919],10,153.00,Infinity
C626744700063,2021-10-15,2021_brand_topo_mkt-places-delivery_aon_primavera_rec_cpm_principale,PAUSED,20740,1.0349860646967184,21466,36,7.111878326110257,4.488641088235294,0.001583900121121774,[21466],[7.111878326110257],9,152.61,Infinity
C626744700063,2021-10-16,2021_brand_topo_mkt-places-delivery_aon_primavera_rec_cpm_principale,PAUSED,20793,1.0402174304057217,21630,35,7.0576502034776185,4.360417942857143,0.0016181229773462784,[21630],[7.0576502034776185],16,152.61,Infinity
C626744700063,2021-10-17,2021_brand_topo_mkt-places-delivery_aon_primavera_rec_cpm_principale,PAUSED,21074,1.0361645671809119,21837,48,6.990037437565871,3.1779913958333337,0.002198104135183404,[21837],[6.990037437565871],16,152.54,Infinity
C626744700063,2021-10-18,2021_brand_topo_mkt-places-delivery_aon_primavera_rec_cpm_principale,PAUSED,21188,1.032743248210169,21882,33,6.997804610318331,4.636363636363637,0.001508088840142583,[21882],[6.997804610318331],25,153.00,Infinity
C626744700063,2021-10-19,2021_brand_topo_mkt-places-delivery_aon_primavera_rec_cpm_principale,PAUSED,21662,1.0209971132253104,22117,31,6.934687032588497,5.1,0.0013564226613012615,[22117],[6.934687032588497],7,153.00,Infinity
C626744700063,2021-10-20,2021_brand_topo_mkt-places-delivery_aon_primavera_rec_cpm_principale,PAUSED,21339,1.021146383218611,21791,40,7.044198895027624,3.825,0.001835620210178514,[21791],[7.044198895027624],26,153.00,153.0
C626744700063,2021-10-21,2021_brand_topo_mkt-places-delivery_aon_primavera_rec_cpm_principale,PAUSED,17311,1.092926450428897,18920,34,8.112407211028632,4.5,0.0017970401691331924,[18920],[8.112407211028632],10,153.00,Infinity
C626744700063,2021-10-22,2021_brand_topo_mkt-places-delivery_aon_primavera_rec_cpm_principale,PAUSED,13746,1.0218245307725884,14046,22,7.135212272565108,4.545454545454546,0.0015662822155773886,[14046],[7.135212272565108],19,100.00,Infinity
C626744700063,2021-10-23,2021_brand_topo_mkt-places-delivery_aon_primavera_rec_cpm_principale,PAUSED,15071,1.0631013204166944,16022,23,6.255082254331644,4.3478260869565215,0.0014355261515416303,[16022],[6.255082254331644],15,100.00,Infinity
C626744700063,2021-10-24,2021_brand_topo_mkt-places-delivery_aon_primavera_rec_cpm_principale,PAUSED,38,1.1578947368421053,44,0,8.0568,0,0,[44],[8.0568],0,0.04,Infinity
C626744700063,2021-10-25,2021_brand_topo_mkt-places-delivery_aon_primavera_rec_cpm_principale,PAUSED,19,1.2105263157894737,23,0,0,0,0,[23],[0.0],0,0,
C626744700063,2021-10-26,2021_brand_topo_mkt-places-delivery_aon_primavera_rec_cpm_principale,PAUSED,18,1.0555555555555556,19,0,0,0,0,[19],[0.0],0,0,
C626744700063,2021-10-27,2021_brand_topo_mkt-places-delivery_aon_primavera_rec_cpm_principale,PAUSED,19,1.4210526315789473,27,0,0,0,0,[27],[0.0],0,0,
C626744700063,2021-10-28,2021_brand_topo_mkt-places-delivery_aon_primavera_rec_cpm_principale,PAUSED,19,1.1578947368421053,22,0,0,0,0,[22],[0.0],0,0,
C626744700063,2021-10-29,2021_brand_topo_mkt-places-delivery_aon_primavera_rec_cpm_principale,PAUSED,19,1.1578947368421053,22,0,0,0,0,[22],[0.0],0,0,
C626744700063,2021-10-30,2021_brand_topo_mkt-places-delivery_aon_primavera_rec_cpm_principale,PAUSED,19,1.1578947368421053,22,0,0,0,0,[22],[0.0],0,0,
C626744700135,2021-10-01,2021_brand_topo_mkt-places-delivery_aon_dia-das-crianças_rec_cpm_principale,PAUSED,18234,1.150562563972311,20980,28,7.435653002859866,5.777777777777778,0.0012869399428026692,[20980],[7.435653002859866],11,156.00,Infinity
C626744700135,2021-10-02,2021_brand_topo_mkt-places-delivery_aon_dia-das-crianças_rec_cpm_principale,PAUSED,19609,1.0624193597401828,20833,50,7.472959487351798,3.2434201041666664,0.0023040368645898335,[20833],[7.472959487351798],30,155.68,155.684165
C626744700135,2021-10-03,2021_brand_topo_mkt-places-delivery_aon_dia-das-crianças_rec_cpm_principale,PAUSED,21200,1.025739184868057,21746,33,7.142122919157547,4.706442575757576,0.0015175204635335235,[21746],[7.142122919157547],11,155.31,Infinity
C626744700135,2021-10-04,2021_brand_topo_mkt-places-delivery_aon_dia-das-crianças_rec_cpm_principale,PAUSED,21616,1.0206703883290436,22063,31,7.070661288129448,5.032258064516129,0.0014050673072564927,[22063],[7.070661288129448],20,156.00,Infinity
C626744700135,2021-10-05,2021_brand_topo_mkt-places-delivery_aon_dia-das-crianças_rec_cpm_principale,PAUSED,21017,1.0341698863299131,21736,45,7.177033492822966,3.5454545454545454,0.0020242914979757085,[21736],[7.177033492822966],14,156.00,Infinity
C626744700135,2021-10-06,2021_brand_topo_mkt-places-delivery_aon_dia-das-crianças_rec_cpm_principale,PAUSED,21256,1.0201929274214472,21686,38,7.19358111223831,4.105263157894736,0.0017522825786221526,[21686],[7.19358111223831],12,156.00,Infinity
C626744700135,2021-10-07,2021_brand_topo_mkt-places-delivery_aon_dia-das-crianças_rec_cpm_principale,PAUSED,21527,1.0459447711326582,22517,26,6.928406466512702,6.24,0.0011102722387529422,[22517],[6.928406466512702],15,156.00,Infinity
C626744700135,2021-10-08,2021_brand_topo_mkt-places-delivery_aon_dia-das-crianças_rec_cpm_principale,PAUSED,21476,1.0295521249434052,22111,34,7.060420909708079,4.588235294117648,0.001537696169327484,[22111],[7.060420909708079],24,156.00,Infinity
C626744700135,2021-10-09,2021_brand_topo_mkt-places-delivery_aon_dia-das-crianças_rec_cpm_principale,PAUSED,21329,1.0344402615805013,22064,42,7.070340826686004,3.8048780487804876,0.0018582306018854243,[22064],[7.070340826686004],6,156.00,Infinity
C626744700135,2021-10-10,2021_brand_topo_mkt-places-delivery_aon_dia-das-crianças_rec_cpm_principale,PAUSED,21077,1.035303242939137,21822,46,7.144214187517185,3.4644676000000003,0.0020621391256530107,[21822],[7.144214187517185],7,155.90,Infinity
C626744700135,2021-10-11,2021_brand_topo_mkt-places-delivery_aon_dia-das-crianças_rec_cpm_principale,PAUSED,21009,1.0509644930817934,22080,37,7.065217391304349,4.216216216216216,0.0016757246376811594,[22080],[7.065217391304349],5,156.00,Infinity
C626744700135,2021-10-12,2021_brand_topo_mkt-places-delivery_aon_dia-das-crianças_rec_cpm_principale,PAUSED,21461,1.0398318787965104,22316,50,6.990500089621796,3.183673469387755,0.00219573400250941,[22316],[6.990500089621796],1,156.00,Infinity
C626744700135,2021-10-13,2021_brand_topo_mkt-places-delivery_aon_dia-das-crianças_rec_cpm_principale,PAUSED,20919,1.0456449569187982,21874,27,7.1317545944957494,5.777777777777778,0.0012343421413550334,[21874],[7.1317545944957494],25,156.00,Infinity
C626744700135,2021-10-14,2021_brand_topo_mkt-places-delivery_aon_dia-das-crianças_rec_cpm_principale,PAUSED,11000,1.0432727272727274,11476,16,7.238765490196079,5.191552125,0.0013942140118508191,[11476],[7.238765490196079],3,83.06,Infinity
C626744700135,2021-10-15,2021_brand_topo_mkt-places-delivery_aon_dia-das-crianças_rec_cpm_principale,PAUSED,1,1.0,1,0,6.542,0,0,[1],[6.542],0,0.01,Infinity
C626744700135,2021-10-18,2021_brand_topo_mkt-places-delivery_aon_dia-das-crianças_rec_cpm_principale,PAUSED,2,1.5,3,0,0,0,0,[3],[0.0],0,0,
C626744700135,2021-10-19,2021_brand_topo_mkt-places-delivery_aon_dia-das-crianças_rec_cpm_principale,PAUSED,1,2.0,2,0,0,0,0,[2],[0.0],0,0,
C626744700135,2021-10-20,2021_brand_topo_mkt-places-delivery_aon_dia-das-crianças_rec_cpm_principale,PAUSED,2,1.5,3,0,0,0,0,[3],[0.0],0,0,
C626744700135,2021-10-23,2021_brand_topo_mkt-places-delivery_aon_dia-das-crianças_rec_cpm_principale,PAUSED,42,1.0,42,0,7.074157894736842,0,0,[42],[7.074157894736842],0,0.27,Infinity
C626744700135,2021-10-24,2021_brand_topo_mkt-places-delivery_aon_dia-das-crianças_rec_cpm_principale,PAUSED,3,2.0,6,0,0,0,0,[6],[0.0],0,0,
C626744700135,2021-10-25,2021_brand_topo_mkt-places-delivery_aon_dia-das-crianças_rec_cpm_principale,PAUSED,3,4.333333333333333,13,0,0,0,0.15384615384615385,[13],[0.0],8,0,0.0
C626744700135,2021-10-26,2021_brand_topo_mkt-places-delivery_aon_dia-das-crianças_rec_cpm_principale,PAUSED,3,3.0,9,0,0,0,0,[9],[0.0],1,0,
C626744700135,2021-10-27,2021_brand_topo_mkt-places-delivery_aon_dia-das-crianças_rec_cpm_principale,PAUSED,1,3.0,3,0,0,0,0,[3],[0.0],0,0,
C626744700135,2021-10-28,2021_brand_topo_mkt-places-delivery_aon_dia-das-crianças_rec_cpm_principale,PAUSED,8,3.5,28,0,0,0,0,[28],[0.0],0,0,
C626744700135,2021-10-29,2021_brand_topo_mkt-places-delivery_aon_dia-das-crianças_rec_cpm_principale,PAUSED,13,1.3846153846153846,18,0,0,0,0,[18],[0.0],0,0,
C626744700135,2021-10-30,2021_brand_topo_mkt-places-delivery_aon_dia-das-crianças_rec_cpm_principale,PAUSED,12,2.4166666666666665,29,0,0,0,0,[29],[0.0],0,0,
C626744727760,2021-10-06,2021_perf_fundo_mkt-places-delivery_aon_leva-junto-uma-viagem_conv_lead_principale,PAUSED,203,1.3645320197044335,277,2,7.226754512635378,1.0009055,0.007220216606498195,[0],[1.0009055],0,2.00,Infinity
C626744727760,2021-10-07,2021_perf_fundo_mkt-places-delivery_aon_leva-junto-uma-viagem_conv_lead_principale,PAUSED,3887,2.966040648314896,11529,38,18.21493624772313,5.675675675675675,0.0032092982912655045,[18],[5.675675675675675],18,210.00,210.0
C626744727760,2021-10-08,2021_perf_fundo_mkt-places-delivery_aon_leva-junto-uma-viagem_conv_lead_principale,PAUSED,5176,2.437210200927357,12615,80,16.69714558320744,2.6582278481012658,0.006262386048355132,[24],[2.6582278481012658],24,210.00,70.0
C626744727760,2021-10-09,2021_perf_fundo_mkt-places-delivery_aon_leva-junto-uma-viagem_conv_lead_principale,PAUSED,5305,2.321206409048068,12314,91,17.084282460136674,2.3076923076923075,0.007389962644144875,[35],[2.3076923076923075],35,210.00,Infinity
C626744727760,2021-10-10,2021_perf_fundo_mkt-places-delivery_aon_leva-junto-uma-viagem_conv_lead_principale,PAUSED,5303,2.296435979634169,12178,75,17.29818780889621,2.8,0.006158646740022992,[29],[2.8],29,210.00,Infinity
C626744727760,2021-10-11,2021_perf_fundo_mkt-places-delivery_aon_leva-junto-uma-viagem_conv_lead_principale,PAUSED,5926,2.187985150185623,12966,86,16.214964095436645,2.5,0.006478482184173994,[40],[2.5],40,210.00,70.0
C626744727760,2021-10-12,2021_perf_fundo_mkt-places-delivery_aon_leva-junto-uma-viagem_conv_lead_principale,PAUSED,6339,2.12856917494873,13493,87,15.997562276224574,2.5,0.006225450233454384,[36],[2.5],36,210.00,70.0
C626744727760,2021-10-13,2021_perf_fundo_mkt-places-delivery_aon_leva-junto-uma-viagem_conv_lead_principale,PAUSED,6132,2.0430528375733856,12528,105,16.797312430011196,2.121212121212121,0.007902298850574713,[22],[2.121212121212121],22,210.00,105.0
C626744727760,2021-10-14,2021_perf_fundo_mkt-places-delivery_aon_leva-junto-uma-viagem_conv_lead_principale,PAUSED,6213,2.0300981812328986,12613,123,16.658733936220848,1.7948717948717947,0.009276143661301832,[36],[1.7948717948717947],36,210.00,35.0
C626744727760,2021-10-15,2021_perf_fundo_mkt-places-delivery_aon_leva-junto-uma-viagem_conv_lead_principale,PAUSED,6876,1.954043048283886,13436,146,15.620287330653566,1.498878142857143,0.010419767788032152,[55],[1.498878142857143],55,209.84,69.94764666666667
C626744727760,2021-10-16,2021_perf_fundo_mkt-places-delivery_aon_leva-junto-uma-viagem_conv_lead_principale,PAUSED,6297,2.0632047006511036,12992,127,16.140252968388587,1.7019437479674797,0.009467364532019705,[30],[1.7019437479674797],30,209.34,104.6695405
C626744727760,2021-10-17,2021_perf_fundo_mkt-places-delivery_aon_leva-junto-uma-viagem_conv_lead_principale,PAUSED,6601,2.039236479321315,13461,115,15.607265754036156,1.997878657142857,0.0078003120124804995,[37],[1.997878657142857],37,209.78,69.925753
C626744727760,2021-10-18,2021_perf_fundo_mkt-places-delivery_aon_leva-junto-uma-viagem_conv_lead_principale,PAUSED,6861,2.0380411018801925,13983,113,15.042979942693409,2.0,0.007509118214975327,[40],[2.0],40,210.00,70.0
C626744727760,2021-10-19,2021_perf_fundo_mkt-places-delivery_aon_leva-junto-uma-viagem_conv_lead_principale,PAUSED,8509,1.7844635092255259,15184,137,13.847675568743819,1.6153846153846154,0.008561643835616438,[58],[1.6153846153846154],58,210.00,52.5
C626744727760,2021-10-20,2021_perf_fundo_mkt-places-delivery_aon_leva-junto-uma-viagem_conv_lead_principale,PAUSED,29833,1.2251855751219862,36552,379,8.63060989643268,0.8490566037735849,0.010149923396804553,[179],[0.8490566037735849],179,315.00,14.318181818181818
C626744727760,2021-10-21,2021_perf_fundo_mkt-places-delivery_aon_leva-junto-uma-viagem_conv_lead_principale,PAUSED,33162,1.1911199703976771,39501,380,7.995938570884629,0.8583106267029973,0.009290904027746133,[209],[0.8583106267029973],209,315.00,12.6
C626744727760,2021-10-22,2021_perf_fundo_mkt-places-delivery_aon_leva-junto-uma-viagem_conv_lead_principale,PAUSED,15697,1.2055169777664523,18923,182,9.364018641457326,1.0075148971428571,0.009248005073191354,[92],[1.0075148971428571],92,176.32,13.56270053846154
C626744727760,2021-10-23,2021_perf_fundo_mkt-places-delivery_aon_leva-junto-uma-viagem_conv_lead_principale,PAUSED,35166,1.5336316308308933,53933,631,11.135857461024498,0.9819967266775778,0.011328871006619324,[165],[0.9819967266775778],165,600.00,13.333333333333334
C626744727760,2021-10-24,2021_perf_fundo_mkt-places-delivery_aon_leva-junto-uma-viagem_conv_lead_principale,PAUSED,47951,1.4383146832926739,68970,733,11.620644074197813,1.1157601115760112,0.010395824271422358,[226],[1.1157601115760112],226,800.00,26.666666666666668
C626744727760,2021-10-25,2021_perf_fundo_mkt-places-delivery_aon_leva-junto-uma-viagem_conv_lead_principale,PAUSED,25969,1.2294379738325094,31928,324,7.863325166687634,0.7987932492012779,0.009803307441743923,[83],[0.7987932492012779],83,250.02,13.159067736842106
C626744727760,2021-10-26,2021_perf_fundo_mkt-places-delivery_aon_leva-junto-uma-viagem_conv_lead_principale,PAUSED,34315,1.1983077497725851,41120,446,6.0993461500927095,0.5841121495327103,0.010408560311284046,[162],[0.5841121495327103],162,250.00,17.857142857142858
C626744727760,2021-10-27,2021_perf_fundo_mkt-places-delivery_aon_leva-junto-uma-viagem_conv_lead_principale,PAUSED,36470,1.2293107027651313,44834,452,5.5803523805262225,0.561755472972973,0.009903198465450328,[179],[0.561755472972973],179,249.42,11.877115714285715
C626744727760,2021-10-28,2021_perf_fundo_mkt-places-delivery_aon_leva-junto-uma-viagem_conv_lead_principale,PAUSED,33795,1.2609408741069361,42614,400,5.886646730556406,0.639386189258312,0.009175388370019242,[214],[0.639386189258312],214,250.00,12.5
C626744727760,2021-10-29,2021_perf_fundo_mkt-places-delivery_aon_leva-junto-uma-viagem_conv_lead_principale,PAUSED,33539,1.233118302720929,41358,415,6.067224851352991,0.6142506142506143,0.009840901397553073,[180],[0.6142506142506143],180,250.00,25.0
C626744727760,2021-10-30,2021_perf_fundo_mkt-places-delivery_aon_leva-junto-uma-viagem_conv_lead_principale,PAUSED,27663,1.2004524414126574,33209,306,6.045785630081915,0.6536363594771242,0.009214369598602789,[145],[0.6536363594771242],145,200.01,18.18297509090909
C626744727861,2021-10-06,2021_perf_fundo_mkt-places-delivery_aon_primavera_conv_lead_principale,PAUSED,65,1.1692307692307693,76,1,9.670631578947368,0.734968,0.013157894736842105,[0],[0.734968],0,0.73,Infinity
C626744727861,2021-10-07,2021_perf_fundo_mkt-places-delivery_aon_primavera_conv_lead_principale,PAUSED,3993,2.723015276734285,10873,79,19.31389680860848,2.727272727272727,0.0070817621631564425,[24],[2.727272727272727],24,210.00,210.0
C626744727861,2021-10-08,2021_perf_fundo_mkt-places-delivery_aon_primavera_conv_lead_principale,PAUSED,4968,2.231280193236715,11085,87,18.946228798267775,2.4705882352941178,0.007668019846639603,[23],[2.4705882352941178],23,210.00,210.0
C626744727861,2021-10-09,2021_perf_fundo_mkt-places-delivery_aon_primavera_conv_lead_principale,PAUSED,6385,1.9754111198120594,12613,125,17.793594306049823,1.640625,0.010148259732022517,[16],[1.640625],16,210.00,210.0
C626744727861,2021-10-10,2021_perf_fundo_mkt-places-delivery_aon_primavera_conv_lead_principale,PAUSED,6276,2.0288400254939454,12733,118,17.459261722647156,1.7355371900826446,0.009502866567187622,[16],[1.7355371900826446],16,210.00,70.0
C626744727861,2021-10-11,2021_perf_fundo_mkt-places-delivery_aon_primavera_conv_lead_principale,PAUSED,6342,1.9818669189530116,12569,139,16.729068748506332,1.5671641791044777,0.010661150449518658,[98],[1.5671641791044777],98,210.00,Infinity
C626744727861,2021-10-12,2021_perf_fundo_mkt-places-delivery_aon_primavera_conv_lead_principale,PAUSED,6536,1.9582313341493267,12799,142,16.41779376123837,1.5217391304347827,0.010782092350964919,[23],[1.5217391304347827],23,210.00,105.0
C626744727861,2021-10-13,2021_perf_fundo_mkt-places-delivery_aon_primavera_conv_lead_principale,PAUSED,6514,1.933220755296285,12593,147,16.691836896908036,1.4583333333333333,0.011434924164218216,[27],[1.4583333333333333],27,210.00,210.0
C626744727861,2021-10-14,2021_perf_fundo_mkt-places-delivery_aon_primavera_conv_lead_principale,PAUSED,6530,1.9966309341500765,13038,172,16.471880147462546,1.2352941176470589,0.013038809633379353,[23],[1.2352941176470589],23,210.00,52.5
C626744727861,2021-10-15,2021_perf_fundo_mkt-places-delivery_aon_primavera_conv_lead_principale,PAUSED,6974,2.0043016919988528,13978,182,15.042701118119266,1.206182563218391,0.012448132780082987,[15],[1.206182563218391],15,209.88,209.875766
C626744727861,2021-10-16,2021_perf_fundo_mkt-places-delivery_aon_primavera_conv_lead_principale,PAUSED,6565,2.118050266565118,13905,184,15.068787725995824,1.1752807865168537,0.012801150665228335,[51],[1.1752807865168537],51,209.20,69.73332666666667
C626744727861,2021-10-17,2021_perf_fundo_mkt-places-delivery_aon_primavera_conv_lead_principale,PAUSED,6675,2.1108614232209737,14090,191,14.919011082693947,1.1538461538461537,0.012916962384669979,[31],[1.1538461538461537],31,210.00,70.0
C626744727861,2021-10-18,2021_perf_fundo_mkt-places-delivery_aon_primavera_conv_lead_principale,PAUSED,6850,2.094744525547445,14349,212,14.721345951629862,1.05,0.013938253536831835,[33],[1.05],33,210.00,52.5
C626744727861,2021-10-19,2021_perf_fundo_mkt-places-delivery_aon_primavera_conv_lead_principale,PAUSED,9089,1.715260204642975,15590,178,13.519603424966201,1.206896551724138,0.011161000641436818,[47],[1.206896551724138],47,210.00,52.5
C626744727861,2021-10-20,2021_perf_fundo_mkt-places-delivery_aon_primavera_conv_lead_principale,PAUSED,33758,1.3688827873221194,46211,579,6.836085852557564,0.5555555555555555,0.012269805890372422,[117],[0.5555555555555555],117,315.00,28.636363636363637
C626744727861,2021-10-21,2021_perf_fundo_mkt-places-delivery_aon_primavera_conv_lead_principale,PAUSED,33939,1.3556140926149836,46009,662,6.863343210737319,0.4921875,0.013910321893542568,[100],[0.4921875],100,315.00,17.5
C626744727861,2021-10-22,2021_perf_fundo_mkt-places-delivery_aon_primavera_conv_lead_principale,PAUSED,19282,1.2746999619431763,24580,350,7.255414205056869,0.5293636835820896,0.013628966639544346,[71],[0.5293636835820896],71,177.34,13.641294923076924
C626744727861,2021-10-23,2021_perf_fundo_mkt-places-delivery_aon_primavera_conv_lead_principale,PAUSED,43290,1.4963500502728517,64778,828,7.732755954222085,0.6257822277847309,0.012334434530241748,[144],[0.6257822277847309],144,500.00,20.0
C626744727861,2021-10-24,2021_perf_fundo_mkt-places-delivery_aon_primavera_conv_lead_principale,PAUSED,43431,1.5425231805719695,66994,801,9.721661357143926,0.8408796895213454,0.011538346717616502,[138],[0.8408796895213454],138,650.00,38.23529411764706
C626744727861,2021-10-25,2021_perf_fundo_mkt-places-delivery_aon_primavera_conv_lead_principale,PAUSED,21689,1.3684093290315644,29680,370,6.777035409325021,0.5633911802816901,0.011960916442048518,[76],[0.5633911802816901],76,200.00,14.285990642857143
C626744727861,2021-10-26,2021_perf_fundo_mkt-places-delivery_aon_primavera_conv_lead_principale,PAUSED,28303,1.3141608926404105,37195,481,5.403506875962499,0.43478260869565216,0.012367253663126763,[208],[0.43478260869565216],208,200.00,8.0
C626744727861,2021-10-27,2021_perf_fundo_mkt-places-delivery_aon_primavera_conv_lead_principale,PAUSED,30728,1.3033851237082665,40051,525,5.021047143216713,0.39268937598425196,0.012683828119148087,[168],[0.39268937598425196],168,199.49,15.345092538461538
C626744727861,2021-10-28,2021_perf_fundo_mkt-places-delivery_aon_primavera_conv_lead_principale,PAUSED,28426,1.3079266462739152,37180,482,5.426524853483829,0.42643923240938164,0.012614308768154923,[124],[0.42643923240938164],124,200.00,14.285714285714286
C626744727861,2021-10-29,2021_perf_fundo_mkt-places-delivery_aon_primavera_conv_lead_principale,PAUSED,28102,1.2743134981795994,35812,473,5.650355972426262,0.43859649122807015,0.012733162068580365,[183],[0.43859649122807015],183,200.00,7.407407407407407
C626744727861,2021-10-30,2021_perf_fundo_mkt-places-delivery_aon_primavera_conv_lead_principale,PAUSED,21498,1.2510498679732298,26896,375,5.627275162246314,0.4166840944444445,0.01338488994646044,[186],[0.4166840944444445],186,150.01,16.667363777777776
C626744728765,2021-10-07,2021_perf_meio_mkt-places-delivery_aon_leva-junto-uma-viagem_consid_cpc_principale,PAUSED,5488,1.1636297376093294,6386,33,7.951386157218916,1.5867985,0.005010961478233636,[32],[1.5867985],5,50.78,Infinity
C626744728765,2021-10-08,2021_perf_meio_mkt-places-delivery_aon_leva-junto-uma-viagem_consid_cpc_principale,PAUSED,13532,1.1446940585279337,15490,83,6.455777921239509,1.25,0.005164622336991607,[80],[1.25],12,100.00,33.333333333333336
C626744728765,2021-10-09,2021_perf_meio_mkt-places-delivery_aon_leva-junto-uma-viagem_consid_cpc_principale,PAUSED,15516,1.135666408868265,17621,90,5.675368898978434,1.149425287356322,0.004937290732648545,[87],[1.149425287356322],13,100.00,Infinity
C626744728765,2021-10-10,2021_perf_meio_mkt-places-delivery_aon_leva-junto-uma-viagem_consid_cpc_principale,PAUSED,13509,1.1324302316973869,15298,81,6.537656903765691,1.2345679012345678,0.005294809779056085,[81],[1.2345679012345678],13,100.00,Infinity
C626744728765,2021-10-11,2021_perf_meio_mkt-places-delivery_aon_leva-junto-uma-viagem_consid_cpc_principale,PAUSED,13581,1.1672189087696045,15852,80,6.309148264984228,1.282051282051282,0.004920514761544285,[78],[1.282051282051282],23,100.00,Infinity
C626744728765,2021-10-12,2021_perf_meio_mkt-places-delivery_aon_leva-junto-uma-viagem_consid_cpc_principale,PAUSED,14322,1.134268956849602,16245,92,6.156119182467373,1.111111111111111,0.00554016620498615,[90],[1.111111111111111],15,100.00,50.0
C626744728765,2021-10-13,2021_perf_meio_mkt-places-delivery_aon_leva-junto-uma-viagem_consid_cpc_principale,PAUSED,17812,1.1091870651706401,19757,110,5.0614971908690585,0.9345794392523364,0.005415801994229893,[107],[0.9345794392523364],7,100.00,Infinity
C626744728765,2021-10-14,2021_perf_meio_mkt-places-delivery_aon_leva-junto-uma-viagem_consid_cpc_principale,PAUSED,15482,1.1636093527967963,18015,130,5.550929780738274,0.7874015748031495,0.007049680821537608,[127],[0.7874015748031495],5,100.00,Infinity
C626744728765,2021-10-15,2021_perf_meio_mkt-places-delivery_aon_leva-junto-uma-viagem_consid_cpc_principale,PAUSED,13003,1.177958932554026,15317,136,6.5286936084089575,0.7575757575757576,0.008617875563099824,[132],[0.7575757575757576],14,100.00,20.0
C626744728765,2021-10-16,2021_perf_meio_mkt-places-delivery_aon_leva-junto-uma-viagem_consid_cpc_principale,PAUSED,11530,1.1946227233304423,13774,114,7.2425490053724415,0.9068988181818183,0.007986060694061275,[110],[0.9068988181818183],26,99.76,19.951774
C626744728765,2021-10-17,2021_perf_meio_mkt-places-delivery_aon_leva-junto-uma-viagem_consid_cpc_principale,PAUSED,12666,1.255566082425391,15903,115,6.278525716084356,0.9320970186915888,0.006728290259699427,[107],[0.9320970186915888],52,99.73,99.734381
C626744728765,2021-10-18,2021_perf_meio_mkt-places-delivery_aon_leva-junto-uma-viagem_consid_cpc_principale,PAUSED,15044,1.2157006115394842,18289,119,5.475851494907459,0.8771929824561403,0.006233254961999016,[114],[0.8771929824561403],17,100.00,50.0
C626744728765,2021-10-19,2021_perf_meio_mkt-places-delivery_aon_leva-junto-uma-viagem_consid_cpc_principale,PAUSED,12643,1.21300324290121,15336,95,6.537229522128522,1.1235955056179776,0.005803338549817423,[89],[1.1235955056179776],18,100.00,33.333333333333336
C626744728765,2021-10-20,2021_perf_meio_mkt-places-delivery_aon_leva-junto-uma-viagem_consid_cpc_principale,PAUSED,12367,1.1720708336702514,14495,118,6.942515967786726,0.8928571428571428,0.007726802345636426,[112],[0.8928571428571428],9,100.00,25.0
C626744728765,2021-10-21,2021_perf_meio_mkt-places-delivery_aon_leva-junto-uma-viagem_consid_cpc_principale,PAUSED,14311,1.1529592621060722,16500,138,6.083465141744738,0.7575757575757576,0.008,[132],[0.7575757575757576],15,100.00,33.333333333333336
C626744728765,2021-10-22,2021_perf_meio_mkt-places-delivery_aon_leva-junto-uma-viagem_consid_cpc_principale,PAUSED,11225,1.118574610244989,12556,104,4.606904539975893,0.57332927,0.00796431984708506,[100],[0.57332927],12,57.33,Infinity
C626744728765,2021-10-23,2021_perf_meio_mkt-places-delivery_aon_leva-junto-uma-viagem_consid_cpc_principale,PAUSED,22335,1.1885301450323549,26546,196,6.417031556696361,0.8762886597938144,0.007308069012280569,[194],[0.8762886597938144],22,170.00,85.0
C626744728765,2021-10-24,2021_perf_meio_mkt-places-delivery_aon_leva-junto-uma-viagem_consid_cpc_principale,PAUSED,23860,1.2282241864404972,29306,185,5.804623211663879,0.9550561797752809,0.006073841534156828,[178],[0.9550561797752809],23,170.00,Infinity
C626744728765,2021-10-25,2021_perf_meio_mkt-places-delivery_aon_leva-junto-uma-viagem_consid_cpc_principale,PAUSED,20679,1.1648984485191387,24089,172,6.231306081754735,0.9090909090909091,0.0068495994022167795,[165],[0.9090909090909091],22,150.00,150.0
C626744728765,2021-10-26,2021_perf_meio_mkt-places-delivery_aon_leva-junto-uma-viagem_consid_cpc_principale,PAUSED,29889,1.1561766584149378,34558,239,4.348410259386061,0.6573346842105263,0.00659760402801088,[228],[0.6573346842105263],7,149.87,Infinity
C626744728765,2021-10-27,2021_perf_meio_mkt-places-delivery_aon_leva-junto-uma-viagem_consid_cpc_principale,PAUSED,36039,1.124976241821086,40544,250,3.7024238534827467,0.6172839506172839,0.005993488555643252,[243],[0.6172839506172839],57,150.00,Infinity
C626744728765,2021-10-28,2021_perf_meio_mkt-places-delivery_aon_leva-junto-uma-viagem_consid_cpc_principale,PAUSED,33416,1.1230642899075978,37529,236,3.9929228552368246,0.6477696277056277,0.006155239947773721,[231],[0.6477696277056277],34,149.63,Infinity
C626744728765,2021-10-29,2021_perf_meio_mkt-places-delivery_aon_leva-junto-uma-viagem_consid_cpc_principale,PAUSED,30985,1.1472932625919565,35550,230,4.175775759623778,0.6590487688888889,0.006329113924050633,[225],[0.6590487688888889],33,148.29,74.1429865
C626744728765,2021-10-30,2021_perf_meio_mkt-places-delivery_aon_leva-junto-uma-viagem_consid_cpc_principale,PAUSED,27912,1.1542491926202254,32218,188,3.727749992233854,0.6741573033707865,0.0055248618784530384,[178],[0.6741573033707865],25,120.00,60.0
C626744728772,2021-10-07,2021_perf_meio_mkt-places-delivery_aon_primavera_consid_cpc_principale,PAUSED,7196,1.4609505280711506,10513,83,7.99870503186531,1.025492512195122,0.0077998668315419,[82],[1.025492512195122],12,84.09,42.045193
C626744728772,2021-10-08,2021_perf_meio_mkt-places-delivery_aon_primavera_consid_cpc_principale,PAUSED,11367,1.3319257499780066,15140,122,6.886578059362303,0.8771929824561403,0.0075297225891677675,[114],[0.8771929824561403],13,100.00,50.0
C626744728772,2021-10-09,2021_perf_meio_mkt-places-delivery_aon_primavera_consid_cpc_principale,PAUSED,13177,1.359945359338241,17920,127,6.10798924993892,0.8,0.006975446428571429,[125],[0.8],25,100.00,16.666666666666668
C626744728772,2021-10-10,2021_perf_meio_mkt-places-delivery_aon_primavera_consid_cpc_principale,PAUSED,11337,1.3096939225544677,14848,99,7.233796296296297,0.970873786407767,0.006936961206896552,[103],[0.970873786407767],28,100.00,50.0
C626744728772,2021-10-11,2021_perf_meio_mkt-places-delivery_aon_primavera_consid_cpc_principale,PAUSED,9578,1.294320317394028,12397,127,8.348639171814995,0.7936507936507936,0.010163749294184076,[126],[0.7936507936507936],16,100.00,25.0
C626744728772,2021-10-12,2021_perf_meio_mkt-places-delivery_aon_primavera_consid_cpc_principale,PAUSED,11810,1.3458086367485182,15894,137,6.378771448618996,0.7407407407407408,0.008493771234428085,[135],[0.7407407407407408],19,100.00,25.0
C626744728772,2021-10-13,2021_perf_meio_mkt-places-delivery_aon_primavera_consid_cpc_principale,PAUSED,12170,1.2870172555464257,15663,156,6.454944487477408,0.6493506493506493,0.00983208836110579,[154],[0.6493506493506493],26,100.00,33.333333333333336
C626744728772,2021-10-14,2021_perf_meio_mkt-places-delivery_aon_primavera_consid_cpc_principale,PAUSED,14698,1.2596951966253913,18515,181,5.4392167527875985,0.5649717514124294,0.00955981636510937,[177],[0.5649717514124294],17,100.00,33.333333333333336
C626744728772,2021-10-15,2021_perf_meio_mkt-places-delivery_aon_primavera_consid_cpc_principale,PAUSED,19034,1.3269995670541004,25259,180,3.9597687495050287,0.5813953488372093,0.0068094540559800465,[172],[0.5813953488372093],16,100.00,50.0
C626744728772,2021-10-16,2021_perf_meio_mkt-places-delivery_aon_primavera_consid_cpc_principale,PAUSED,12796,1.2782119412316348,16356,143,6.063583460762127,0.7131908345323741,0.008498410369283444,[139],[0.7131908345323741],8,99.13,49.566763
C626744728772,2021-10-17,2021_perf_meio_mkt-places-delivery_aon_primavera_consid_cpc_principale,PAUSED,13346,1.3027124231979619,17386,171,5.754098209659778,0.62471525,0.009202806856091109,[160],[0.62471525],16,99.95,24.98861
C626744728772,2021-10-18,2021_perf_meio_mkt-places-delivery_aon_primavera_consid_cpc_principale,PAUSED,12894,1.2735380797270048,16421,171,6.099048548426445,0.6134969325153374,0.009926313866390597,[163],[0.6134969325153374],4,100.00,50.0
C626744728772,2021-10-19,2021_perf_meio_mkt-places-delivery_aon_primavera_consid_cpc_principale,PAUSED,11399,1.2619528028774454,14385,124,6.955070246209487,0.8264462809917356,0.008411539798401112,[121],[0.8264462809917356],8,100.00,50.0
C626744728772,2021-10-20,2021_perf_meio_mkt-places-delivery_aon_primavera_consid_cpc_principale,PAUSED,10570,1.221759697256386,12914,164,7.751337105650725,0.662251655629139,0.011692736564968251,[151],[0.662251655629139],7,100.00,50.0
C626744728772,2021-10-21,2021_perf_meio_mkt-places-delivery_aon_primavera_consid_cpc_principale,PAUSED,13620,1.2055066079295154,16419,189,6.0964457721148575,0.5649717514124294,0.01078019367805591,[177],[0.5649717514124294],10,100.00,33.333333333333336
C626744728772,2021-10-22,2021_perf_meio_mkt-places-delivery_aon_primavera_consid_cpc_principale,PAUSED,11983,1.1430359676207962,13697,130,4.3862855471891224,0.5,0.008761042564065125,[120],[0.5],24,60.00,15.0
C626744728772,2021-10-23,2021_perf_meio_mkt-places-delivery_aon_primavera_consid_cpc_principale,PAUSED,37651,1.317627411614952,49611,517,7.060437343661744,0.7113821138211381,0.009917155469553122,[492],[0.7113821138211381],43,350.00,58.333333333333336
C626744728772,2021-10-24,2021_perf_meio_mkt-places-delivery_aon_primavera_consid_cpc_principale,PAUSED,35184,1.2953517792017457,45576,407,6.6006600660066,0.7575757575757576,0.008688783570300158,[396],[0.7575757575757576],39,300.00,42.857142857142854
C626744728772,2021-10-25,2021_perf_meio_mkt-places-delivery_aon_primavera_consid_cpc_principale,PAUSED,21663,1.229651041424968,26639,235,5.645889792231255,0.7009345794392524,0.008033334584631555,[214],[0.7009345794392524],21,150.00,50.0
C626744728772,2021-10-26,2021_perf_meio_mkt-places-delivery_aon_primavera_consid_cpc_principale,PAUSED,28229,1.183994792234656,33423,285,4.511820970943873,0.5454545454545454,0.008227867037668672,[275],[0.5454545454545454],18,150.00,150.0
C626744728772,2021-10-27,2021_perf_meio_mkt-places-delivery_aon_primavera_consid_cpc_principale,PAUSED,30166,1.1792405728100643,35573,301,4.227248229351844,0.5183717993079584,0.00812413909425688,[289],[0.5183717993079584],50,149.81,29.96189
C626744728772,2021-10-28,2021_perf_meio_mkt-places-delivery_aon_primavera_consid_cpc_principale,PAUSED,25864,1.173239360919429,30345,299,4.963436021309685,0.5154639175257731,0.009589718240237272,[291],[0.5154639175257731],35,150.00,Infinity
C626744728772,2021-10-29,2021_perf_meio_mkt-places-delivery_aon_primavera_consid_cpc_principale,PAUSED,28651,1.2122440693817393,34733,291,4.326866992085957,0.5388661474820143,0.008003915584602539,[278],[0.5388661474820143],49,149.80,74.9023945
C626744728772,2021-10-30,2021_perf_meio_mkt-places-delivery_aon_primavera_consid_cpc_principale,PAUSED,21498,1.1622127271799836,24986,227,4.826060727930827,0.5429864253393666,0.008844953173777315,[221],[0.5429864253393666],40,120.00,120.0
C626744733412,2021-10-07,2021_brand_meio_aon_mkt-places-delivery_x_webs_cpc_principale,RUNNING,10583,1.2950014173674762,13705,59,8.390301860634805,1.9825704655172414,0.004232032105071142,[1],[1.9825704655172414],18,114.99,57.4945435
C626744733412,2021-10-08,2021_brand_meio_aon_mkt-places-delivery_x_webs_cpc_principale,RUNNING,13956,1.2100888506735454,16888,69,9.371597761724301,2.327463867647059,0.004026527711984841,[1],[2.327463867647059],11,158.27,52.75584766666666
C626744733412,2021-10-09,2021_brand_meio_aon_mkt-places-delivery_x_webs_cpc_principale,RUNNING,11672,1.2135880740233036,14165,70,8.76264955877162,1.7731847285714286,0.004941757853865161,[1],[1.7731847285714286],21,124.12,62.0614655
C626744733412,2021-10-10,2021_brand_meio_aon_mkt-places-delivery_x_webs_cpc_principale,RUNNING,11476,1.1777622865109794,13516,65,11.23403854690737,2.3359886923076925,0.004809115122817401,[1],[2.3359886923076925],12,151.84,37.95981625
C626744733412,2021-10-11,2021_brand_meio_aon_mkt-places-delivery_x_webs_cpc_principale,RUNNING,15213,1.1714980608689936,17822,81,9.746481024028744,2.1432632098765434,0.004544944450678936,[0],[2.1432632098765434],27,173.60,34.720864
C626744733412,2021-10-12,2021_brand_meio_aon_mkt-places-delivery_x_webs_cpc_principale,RUNNING,15201,1.1830800605223342,17984,101,6.921396727902172,1.2778896288659793,0.005393683274021352,[0],[1.2778896288659793],33,123.96,41.31843133333333
C626744733412,2021-10-13,2021_brand_meio_aon_mkt-places-delivery_x_webs_cpc_principale,RUNNING,17116,1.2368472617189101,21171,96,9.46029043091623,2.1052631578947367,0.004487270322611119,[2],[2.1052631578947367],42,200.00,18.181818181818183
C626744733412,2021-10-14,2021_brand_meio_aon_mkt-places-delivery_x_webs_cpc_principale,RUNNING,15816,1.1784901365705616,18639,107,10.744023636852003,1.8867924528301887,0.0056870003755566285,[3],[1.8867924528301887],38,200.00,50.0
C626744733412,2021-10-15,2021_brand_meio_aon_mkt-places-delivery_x_webs_cpc_principale,RUNNING,15008,1.2666577825159915,19010,98,10.165765306659646,2.0114449166666666,0.005049973698053656,[2],[2.0114449166666666],25,193.10,64.36623733333333
C626744733412,2021-10-16,2021_brand_meio_aon_mkt-places-delivery_x_webs_cpc_principale,RUNNING,14385,1.2517900590893292,18007,91,10.700870316842693,2.138985077777778,0.004998056311434442,[1],[2.138985077777778],24,192.51,38.5017314
C626744733412,2021-10-17,2021_brand_meio_aon_mkt-places-delivery_x_webs_cpc_principale,RUNNING,14644,1.2031548757170172,17619,117,11.355283125,1.7378520260869565,0.006527044667688291,[0],[1.7378520260869565],36,199.85,66.617661
C626744733412,2021-10-18,2021_brand_meio_aon_mkt-places-delivery_x_webs_cpc_principale,RUNNING,15387,1.2108923116916879,18632,96,10.112134085414988,1.9814460631578947,0.005098754830399313,[5],[1.9814460631578947],41,188.24,20.915264
C626744733412,2021-10-19,2021_brand_meio_aon_mkt-places-delivery_x_webs_cpc_principale,RUNNING,14937,1.2369953805985137,18477,105,10.83717149823896,1.9607843137254901,0.005520376684526709,[3],[1.9607843137254901],36,200.00,22.22222222222222
C626744733412,2021-10-20,2021_brand_meio_aon_mkt-places-delivery_x_webs_cpc_principale,RUNNING,14283,1.169712245326612,16707,115,13.772987829006535,2.0329173805309733,0.006763632010534507,[1],[2.0329173805309733],17,229.72,38.28661066666667
C626744733412,2021-10-21,2021_brand_meio_aon_mkt-places-delivery_x_webs_cpc_principale,RUNNING,15245,1.1517874713020662,17559,135,12.937935143460157,1.7719917265625,0.007289708981149268,[4],[1.7719917265625],34,226.81,45.362988200000004
C626744733412,2021-10-22,2021_brand_meio_aon_mkt-places-delivery_x_webs_cpc_principale,RUNNING,19738,1.132508866369978,22354,142,9.990411056179775,1.5991845035971224,0.006218126509796904,[4],[1.5991845035971224],54,222.29,31.755235142857142
C626744733412,2021-10-23,2021_brand_meio_aon_mkt-places-delivery_x_webs_cpc_principale,RUNNING,25815,1.2324717054807552,31817,192,11.01529552464279,1.8716577540106953,0.005877361159128768,[3],[1.8716577540106953],63,350.00,31.818181818181817
C626744733412,2021-10-24,2021_brand_meio_aon_mkt-places-delivery_x_webs_cpc_principale,RUNNING,34452,1.2123704579270675,41769,297,11.976621634569321,1.7006802721088436,0.007038712921065862,[4],[1.7006802721088436],94,500.00,22.727272727272727
C626744733412,2021-10-25,2021_brand_meio_aon_mkt-places-delivery_x_webs_cpc_principale,RUNNING,22175,1.249191542077247,27701,160,10.874293170943888,1.948051948051948,0.0055593660878668644,[4],[1.948051948051948],61,300.00,50.0
C626744733412,2021-10-26,2021_brand_meio_aon_mkt-places-delivery_x_webs_cpc_principale,RUNNING,28692,1.1557739823132467,33162,165,9.086778736937756,1.8518518518518519,0.0048851094626379595,[2],[1.8518518518518519],60,300.00,75.0
C626744733412,2021-10-27,2021_brand_meio_aon_mkt-places-delivery_x_webs_cpc_principale,RUNNING,26700,1.130035258007582,30173,167,8.904000933769092,1.6084058554216867,0.005501607397341995,[3],[1.6084058554216867],64,267.00,33.3744215
C626744733412,2021-10-28,2021_brand_meio_aon_mkt-places-delivery_x_webs_cpc_principale,RUNNING,26560,1.1430333423092538,30360,179,9.876170071180269,1.7046269542857142,0.005764163372859025,[2],[1.7046269542857142],69,298.31,99.43657233333333
C626744733412,2021-10-29,2021_brand_meio_aon_mkt-places-delivery_x_webs_cpc_principale,RUNNING,23241,1.1612856833742689,26990,159,10.77398569246246,1.877681831168831,0.005705816969247869,[1],[1.877681831168831],58,289.16,72.2907505
C626744733412,2021-10-30,2021_brand_meio_aon_mkt-places-delivery_x_webs_cpc_principale,RUNNING,22014,1.142007293438179,25141,133,9.527261734224322,1.8175251755725192,0.0052106121474881665,[0],[1.8175251755725192],45,238.10,79.365266
